"","PorkScan.1","PorkScan.2","PorkScan.3","PorkScan.4","PorkScan.5","PorkScan.6","PorkScan.7","PorkScan.8","PorkScan.9","PorkScan.10","PorkScan.11","PorkScan.12","PorkScan.13","PorkScan.14","PorkScan.15","PorkScan.16","PorkScan.17","PorkScan.18","PorkScan.19","PorkScan.20","PorkScan.21","PorkScan.22","PorkScan.23","PorkScan.24","PorkScan.25","PorkScan.26","PorkScan.27","PorkScan.28","PorkScan.29","PorkScan.30","PorkScan.31","PorkScan.32","PorkScan.33","PorkScan.34","PorkScan.35","PorkScan.36","PorkScan.37","PorkScan.38","PorkScan.39","PorkScan.40","PorkScan.41","PorkScan.42","PorkScan.43","PorkScan.44","PorkScan.45","PorkScan.46","PorkScan.47","PorkScan.48","PorkScan.49","PorkScan.50","PorkScan.51","PorkScan.52","PorkScan.53","PorkScan.54","PorkScan.55","PorkScan.56","PorkScan.57","PorkScan.58","PorkScan.59","PorkScan.60","PorkScan.61","PorkScan.62","PorkScan.63","PorkScan.64","PorkScan.65","PorkScan.66","PorkScan.67","PorkScan.68","PorkScan.69","PorkScan.70","PorkScan.71","PorkScan.72","PorkScan.73","PorkScan.74","PorkScan.75","PorkScan.76","PorkScan.77","PorkScan.78","PorkScan.79","PorkScan.80","PorkScan.81","PorkScan.82","PorkScan.83","PorkScan.84","PorkScan.85","PorkScan.86","PorkScan.87","PorkScan.88","PorkScan.89","PorkScan.90","PorkScan.91","PorkScan.92","PorkScan.93","PorkScan.94","PorkScan.95","PorkScan.96","PorkScan.97","PorkScan.98","PorkScan.99","PorkScan.100","PorkScan.101","PorkScan.102","PorkScan.103","PorkScan.104","PorkScan.105","PorkScan.106","PorkScan.107","PorkScan.108","PorkScan.109","PorkScan.110","PorkScan.111","PorkScan.112","PorkScan.113","PorkScan.114","PorkScan.115","PorkScan.116","PorkScan.117","PorkScan.118","PorkScan.119","PorkScan.120","PorkScan.121","PorkScan.122","PorkScan.123","PorkScan.124","PorkScan.125","PorkScan.126","PorkScan.127","PorkScan.128","PorkScan.129","PorkScan.130","PorkScan.131","PorkScan.132","PorkScan.133","PorkScan.134","PorkScan.135","PorkScan.136","PorkScan.137","PorkScan.138","PorkScan.139","PorkScan.140","PorkScan.141","PorkScan.142","PorkScan.143","PorkScan.144","PorkScan.145","PorkScan.146","PorkScan.147","PorkScan.148","PorkScan.149","PorkScan.150","PorkScan.151","PorkScan.152","PorkScan.153","PorkScan.154","PorkScan.155","PorkScan.156","PorkScan.157","PorkScan.158","PorkScan.159","PorkScan.160","PorkScan.161","PorkScan.162","PorkScan.163","PorkScan.164","PorkScan.165","PorkScan.166","PorkScan.167","PorkScan.168","PorkScan.169","PorkScan.170","PorkScan.171","PorkScan.172","PorkScan.173","PorkScan.174","PorkScan.175","PorkScan.176","PorkScan.177","PorkScan.178","PorkScan.179","PorkScan.180","PorkScan.181","PorkScan.182","PorkScan.183","PorkScan.184","PorkScan.185","PorkScan.186","PorkScan.187","PorkScan.188","PorkScan.189","PorkScan.190","PorkScan.191","PorkScan.192","PorkScan.193","PorkScan.194","PorkScan.195","PorkScan.196","PorkScan.197","PorkScan.198","PorkScan.199","PorkScan.200","PorkScan.201","PorkScan.202","PorkScan.203","PorkScan.204","PorkScan.205","PorkScan.206","PorkScan.207","PorkScan.208","PorkScan.209","PorkScan.210","PorkScan.211","PorkScan.212","PorkScan.213","PorkScan.214","PorkScan.215","PorkScan.216","PorkScan.217","PorkScan.218"
"1",0,0,0,0,0,0,0,0,0,0,0,0,0,0,0,0,0,0,0,0,0,0,0,0,0,0,0,0,0,0,0,0,0,0,0,0,0,0,0,0,0,0,0,0,0,0,0,0,0,0,0,0,0,0,0,0,0,0,0,0,0,0,0,0,0,0,0,0,0,0,0,0,0,0,0,0,0,0,0,0,0,0,0,0,0,0,0,0,0,0,0,0,0,0,0,0,0,0,0,0,0,0,0,0,0,0,0,0,0,0,0,0,0,0,0,0,0,0,0,0,0,0,0,0,0,0,0,0,0,0,0,0,0,0,0,0,0,0,0,0,0,0,0,0,0,0,0,0,0,0,0,0,0,0,0,0,0,0,0,0,0,0,0,0,0,0,0,0,0,0,0,0,0,0,0,0,0,0,0,0,0,0,0,0,0,0,0,0,0,0,0,0,0,0,0,0,0,0,0,0,0,0,0,0,0,0,0,0,0,0,0,0,0,0,0,0,0,0
"2",0,0,0,0,0,0,0,0,0,0,0,0,0,0,0,0,0,0,0,0,0,0,0,0,0,0,0,0,0,0,0,0,0,0,0,0,0,0,0,0,0,0,0,0,0,0,0,0,0,0,0,0,0,0,0,0,0,0,0,0,0,0,0,0,0,0,0,0,0,0,0,0,0,0,0,0,0,0,0,0,0,0,0,0,0,0,0,0,0,0,0,0,0,0,0,0,0,0,0,0,0,0,0,0,0,0,0,0,0,0,0,0,0,0,0,0,0,0,0,0,0,0,0,0,0,0,0,0,0,0,0,0,0,0,0,0,0,0,0,0,0,0,0,0,0,0,0,0,0,0,0,0,0,0,0,0,0,0,0,0,0,0,0,0,0,0,0,0,0,0,0,0,0,0,0,0,0,0,0,0,5,5,0,0,0,0,0,0,0,0,0,0,0,0,0,0,0,0,0,0,0,0,0,0,0,0,0,0,0,0,0,0,0,0,0,0,0,0
"3",0,0,0,0,0,0,0,0,0,0,0,0,0,0,0,0,0,0,0,0,0,0,0,0,0,0,0,0,0,0,0,0,0,0,0,0,0,0,0,0,0,0,0,0,0,0,0,0,0,0,0,0,0,0,0,0,0,0,0,0,0,0,0,0,0,0,0,0,0,0,0,0,0,0,0,0,0,0,0,0,0,0,0,0,0,0,0,0,0,0,0,0,0,0,0,0,0,0,0,0,0,0,0,0,0,0,0,0,0,0,0,0,0,0,0,0,0,0,0,0,0,0,0,0,0,0,0,0,0,0,0,0,0,0,0,0,0,0,0,0,0,0,0,0,0,0,0,0,0,0,0,0,0,0,0,0,0,0,0,0,0,0,0,0,0,0,0,0,0,0,0,0,0,20,50,71,81,92,95,99,100,106,105,99,93,89,57,23,0,0,0,0,0,0,0,0,0,0,0,0,0,0,0,0,0,0,0,0,0,0,0,0,0,0,0,0,0,0
"4",0,0,0,0,0,0,0,0,0,0,0,0,0,0,0,0,0,0,0,0,0,0,0,0,0,0,0,0,0,0,0,0,0,0,0,0,0,0,0,0,0,0,0,0,0,0,0,0,0,0,0,0,0,0,0,0,0,0,0,0,0,0,0,0,0,0,0,0,0,0,0,0,0,0,0,0,0,0,0,0,0,0,0,0,0,0,0,0,0,0,0,0,0,0,0,0,0,0,0,0,0,0,0,0,0,0,0,0,0,0,0,0,0,0,0,0,0,0,0,0,0,0,0,0,0,0,0,0,0,0,0,0,0,0,0,0,0,0,0,0,0,0,0,0,0,0,0,0,0,0,0,0,0,0,0,0,0,0,0,0,0,0,0,0,0,0,0,0,0,0,0,32,63,82,97,97,97,98,100,97,97,99,106,105,109,111,112,96,79,43,9,0,0,0,0,0,0,0,0,0,0,0,0,0,0,0,0,0,0,0,0,0,0,0,0,0,0,0
"5",0,0,0,0,0,0,0,0,0,0,0,0,0,0,0,0,0,0,0,0,0,0,0,0,0,0,0,0,0,0,0,0,0,0,0,0,0,0,0,0,0,0,0,0,0,0,0,0,0,0,0,0,0,0,0,0,0,0,0,0,0,0,0,0,0,0,0,0,0,0,0,0,0,0,0,0,0,0,0,0,0,0,0,0,0,0,0,0,0,0,0,0,0,0,0,0,0,0,0,0,0,0,0,0,0,0,0,0,0,0,0,0,0,0,0,0,0,0,0,0,0,0,0,0,0,0,0,0,0,0,0,0,0,0,0,0,0,0,0,0,0,0,0,0,0,0,0,0,0,0,0,0,0,0,0,0,0,0,0,0,0,0,0,0,0,0,0,0,23,64,86,96,89,84,76,71,65,68,66,67,63,68,72,79,82,92,102,113,115,109,73,19,0,0,0,0,0,0,0,0,0,0,0,0,0,0,0,0,0,0,0,0,0,0,0,0,0,0
"6",0,0,0,0,0,0,0,0,0,0,0,0,0,0,0,0,0,0,0,0,0,0,0,0,0,0,0,0,0,0,0,0,0,0,0,0,0,0,0,0,0,0,0,0,0,0,0,0,0,0,0,0,0,0,0,0,0,0,0,0,0,0,0,0,0,0,0,0,0,0,0,0,0,0,0,0,0,0,0,0,0,0,0,0,0,0,0,0,0,0,0,0,0,0,0,0,0,0,0,0,0,0,0,0,0,0,0,0,0,0,0,0,0,0,0,0,0,0,0,0,0,0,0,0,0,0,0,0,0,0,0,0,0,0,0,0,0,0,0,0,0,0,0,0,0,0,0,0,0,0,0,0,0,0,0,0,0,0,0,0,0,0,0,0,0,0,32,64,83,86,83,73,70,62,58,55,59,62,64,59,60,61,68,66,69,74,86,93,100,104,84,27,1,0,0,0,0,0,0,0,0,0,0,0,0,0,0,0,0,0,0,0,0,0,0,0,0,0
"7",0,0,0,0,0,0,0,0,0,0,0,0,0,0,0,0,0,0,0,0,0,0,0,0,0,0,0,0,0,0,0,0,0,0,0,0,0,0,0,0,0,0,0,0,0,0,0,0,0,0,0,0,0,0,0,0,0,0,0,0,0,0,0,0,0,0,0,0,0,0,0,0,0,0,0,0,0,0,0,0,0,0,0,0,0,0,0,0,0,0,0,0,0,0,0,0,0,0,0,0,0,0,0,0,0,0,0,0,0,0,0,0,0,0,0,0,0,0,0,0,0,0,0,0,0,0,0,0,0,0,0,0,0,0,0,0,0,0,0,0,0,0,0,0,0,0,0,0,0,0,0,0,0,0,0,0,0,0,0,0,0,0,0,0,37,74,86,92,84,73,58,52,51,53,50,56,60,65,63,62,59,66,68,69,66,69,73,78,79,87,68,16,0,0,0,0,0,0,0,0,0,0,0,0,0,0,0,0,0,0,0,0,0,0,0,0,0,0
"8",0,0,0,0,0,0,0,0,0,0,0,0,0,0,0,0,0,0,0,0,0,0,0,0,0,0,0,0,0,0,0,0,0,0,0,0,0,0,0,0,0,0,0,0,0,0,0,0,0,0,0,0,0,0,0,0,0,0,0,0,0,0,0,0,0,0,0,0,0,0,0,0,0,0,0,0,0,0,0,0,0,0,0,0,0,0,0,0,0,0,0,0,0,0,0,0,0,0,0,0,0,0,0,0,0,0,0,0,0,0,0,0,0,0,0,0,0,0,0,0,0,0,0,0,0,0,0,0,0,0,0,0,0,0,0,0,0,0,0,0,0,0,0,0,0,0,0,0,0,0,0,0,0,0,0,0,0,0,0,0,0,19,65,89,100,88,74,63,58,51,48,45,51,53,59,64,69,66,66,64,67,69,74,72,71,70,73,71,72,71,50,5,0,0,0,0,0,0,0,0,0,0,0,0,0,0,0,0,0,0,0,0,0,0,0,0,0,0
"9",0,0,0,0,0,0,0,0,0,0,0,0,0,0,0,0,0,0,0,0,0,0,0,0,0,0,0,0,0,0,0,0,0,0,0,0,0,0,0,0,0,0,0,0,0,0,0,0,0,0,0,0,0,0,0,0,0,0,0,0,0,0,0,0,0,0,0,0,0,0,0,0,0,0,0,0,0,0,0,0,0,0,0,0,0,0,0,0,0,0,0,0,0,0,0,0,0,0,0,0,0,0,0,0,0,0,0,0,0,0,0,0,0,0,0,0,0,0,0,0,0,0,0,0,0,0,0,0,0,0,0,0,0,0,0,0,0,0,0,0,0,0,0,0,0,0,0,0,0,0,0,0,0,0,0,0,0,0,0,7,43,74,86,89,80,71,59,54,51,54,50,50,53,60,61,70,72,71,67,69,71,75,73,73,69,71,71,74,71,71,42,5,0,0,0,0,0,0,0,0,0,0,0,0,0,0,0,0,0,0,0,0,0,0,0,0,0,0
"10",0,0,0,0,0,0,0,0,0,0,0,0,0,0,0,0,0,0,0,0,0,0,0,0,0,0,0,0,0,0,0,0,0,0,0,0,0,0,0,0,0,0,0,0,0,0,0,0,0,0,0,0,0,0,0,0,0,0,0,0,0,0,0,0,0,0,0,0,0,0,0,0,0,0,0,0,0,0,0,0,0,0,0,0,0,0,0,0,0,0,0,0,0,0,0,0,0,0,0,0,0,0,0,0,0,0,0,0,0,0,0,0,0,0,0,0,0,0,0,0,0,0,0,0,0,0,0,0,0,0,0,0,0,0,0,0,0,0,0,0,0,0,0,0,0,0,0,0,0,0,0,0,0,0,0,0,0,5,54,86,97,85,74,62,56,50,51,49,54,54,57,58,65,66,70,73,77,74,74,72,76,72,68,63,65,68,75,74,76,68,43,3,0,0,0,0,0,0,0,0,0,0,0,0,0,0,0,0,0,0,0,0,0,0,0,0,0,0
"11",0,0,0,0,0,0,0,0,0,0,0,0,0,0,0,0,0,0,0,0,0,0,0,0,0,0,0,0,0,0,0,0,0,0,0,0,0,0,0,0,0,0,0,0,0,0,0,0,0,0,0,0,0,0,0,0,0,0,0,0,0,0,0,0,0,0,0,0,0,0,0,0,0,0,0,0,0,0,0,0,0,0,0,0,0,0,0,0,0,0,0,0,0,0,0,0,0,0,0,0,0,0,0,0,0,0,0,0,0,0,0,0,0,0,0,0,0,0,0,0,0,0,0,0,0,0,0,0,0,0,0,0,0,0,0,0,0,0,0,0,0,0,0,0,0,0,0,0,0,0,0,0,0,0,0,20,53,78,87,86,73,64,53,51,50,51,49,57,57,55,60,70,77,79,74,81,82,82,80,82,76,70,55,55,57,71,76,79,75,68,34,3,0,0,0,0,0,0,0,0,0,0,0,0,0,0,0,0,0,0,0,0,0,0,0,0,0,0
"12",0,0,0,0,0,0,0,0,0,0,0,0,0,0,0,0,0,0,0,0,0,0,0,0,0,0,0,0,0,0,0,0,0,0,0,0,0,0,0,0,0,0,0,0,0,0,0,0,0,0,0,0,0,0,0,0,0,0,0,0,0,0,0,0,0,0,0,0,0,0,0,0,0,0,0,0,0,0,0,0,0,0,0,0,0,0,0,0,0,0,0,0,0,0,0,0,0,0,0,0,0,0,0,0,0,0,0,0,0,0,0,0,0,0,0,0,0,0,0,0,0,0,0,0,0,0,0,0,0,0,0,0,0,0,0,0,0,0,0,0,0,0,0,0,0,0,0,0,0,0,0,0,0,10,48,73,86,82,76,65,60,53,52,49,51,52,59,60,64,65,71,74,83,85,86,88,91,88,89,84,80,69,63,58,66,77,83,83,81,63,26,0,0,0,0,0,0,0,0,0,0,0,0,0,0,0,0,0,0,0,0,0,0,0,0,0,0,0
"13",0,0,0,0,0,0,0,0,0,0,0,0,0,0,0,0,0,0,0,0,0,0,0,0,0,0,0,0,0,0,0,0,0,0,0,0,0,0,0,0,0,0,0,0,0,0,0,0,0,0,0,0,0,0,0,0,0,0,0,0,0,0,0,0,0,0,0,0,0,0,0,0,0,0,0,0,0,0,0,0,0,0,0,0,0,0,0,0,0,0,0,0,0,0,0,0,0,0,0,0,0,0,0,0,0,0,0,0,0,0,0,0,0,0,0,0,0,0,0,0,0,0,0,0,0,0,0,0,0,0,0,0,0,0,0,0,0,0,0,0,0,0,0,0,0,0,0,0,0,0,0,24,64,93,91,78,67,59,51,51,50,54,53,54,52,58,64,66,67,78,78,81,84,90,91,95,93,93,90,89,82,79,71,72,76,87,88,91,84,57,11,0,0,0,0,0,0,0,0,0,0,0,0,0,0,0,0,0,0,0,0,0,0,0,0,0,0,0
"14",0,0,0,0,0,0,0,0,0,0,0,0,0,0,0,0,0,0,0,0,0,0,0,0,0,0,0,0,0,0,0,0,0,0,0,0,0,0,0,0,0,0,0,0,0,0,0,0,0,0,0,0,0,0,0,0,0,0,0,0,0,0,0,0,0,0,0,0,0,0,0,0,0,0,0,0,0,0,0,0,0,0,0,0,0,0,0,0,0,0,0,0,0,0,0,0,0,0,0,0,0,0,0,0,0,0,0,0,0,0,0,0,0,0,0,0,0,0,0,0,0,0,0,0,0,0,0,0,0,0,0,0,0,0,0,0,0,0,0,0,0,0,0,0,0,0,0,0,0,28,63,76,84,83,73,57,53,50,51,50,52,52,56,56,61,63,68,70,76,80,87,87,87,87,93,93,92,88,90,89,90,83,83,79,85,92,93,89,84,47,7,0,0,0,0,0,0,0,0,0,0,0,0,0,0,0,0,0,0,0,0,0,0,0,0,0,0,0
"15",0,0,0,0,0,0,0,0,0,0,0,0,0,0,0,0,0,0,0,0,0,0,0,0,0,0,0,0,0,0,0,0,0,0,0,0,0,0,0,0,0,0,0,0,0,0,0,0,0,0,0,0,0,0,0,0,0,0,0,0,0,0,0,0,0,0,0,0,0,0,0,0,0,0,0,0,0,0,0,0,0,0,0,0,0,0,0,0,0,0,0,0,0,0,0,0,0,0,0,0,0,0,0,0,0,0,0,0,0,0,0,0,0,0,0,0,0,0,0,0,0,0,0,0,0,0,0,0,0,0,0,0,0,0,0,0,0,0,0,0,0,0,0,0,0,0,0,20,59,84,86,77,63,57,49,48,48,52,53,58,57,60,61,67,71,77,76,81,83,88,87,87,83,88,91,92,87,87,86,91,89,89,86,86,87,92,89,90,80,46,4,0,0,0,0,0,0,0,0,0,0,0,0,0,0,0,0,0,0,0,0,0,0,0,0,0,0,0
"16",0,0,0,0,0,0,0,0,0,0,0,0,0,0,0,0,0,0,0,0,0,0,0,0,0,0,0,0,0,0,0,0,0,0,0,0,0,0,0,0,0,0,0,0,0,0,0,0,0,0,0,0,0,0,0,0,0,0,0,0,0,0,0,0,0,0,0,0,0,0,0,0,0,0,0,0,0,0,0,0,0,0,0,0,0,0,0,0,0,0,0,0,0,0,0,0,0,0,0,0,0,0,0,0,0,0,0,0,0,0,0,0,0,0,0,0,0,0,0,0,0,0,0,0,0,0,0,0,0,0,0,0,0,0,0,0,0,0,0,0,0,0,0,0,10,51,80,81,75,63,56,45,40,37,44,48,54,55,59,63,68,66,73,77,86,86,89,89,93,91,89,82,84,87,94,87,85,83,87,87,87,85,89,88,89,85,86,89,82,38,4,0,0,0,0,0,0,0,6,0,0,0,0,0,0,0,0,0,0,0,0,0,0,0,0,0,0,0
"17",0,0,0,0,0,0,0,0,0,0,0,0,0,0,0,0,0,0,0,0,0,0,0,0,0,0,0,0,0,0,0,0,0,0,0,0,0,0,0,0,0,0,0,0,0,0,0,0,0,0,0,0,0,0,0,0,0,0,0,0,0,0,0,0,0,0,0,0,0,0,0,0,0,0,0,0,0,0,0,0,0,0,0,0,0,0,0,0,0,0,0,0,0,0,0,0,0,0,0,0,0,0,0,0,0,0,0,0,0,0,0,0,0,0,0,0,0,0,0,0,0,0,0,0,0,0,0,0,0,0,0,0,0,0,0,0,0,0,0,0,0,0,0,32,59,80,77,68,54,49,43,43,39,42,47,55,54,58,63,71,73,76,80,89,91,92,88,91,90,90,86,85,83,91,94,91,84,87,86,85,85,87,87,92,91,89,88,93,83,41,2,0,0,0,16,58,82,98,100,98,82,57,19,0,0,0,0,0,0,0,0,0,0,0,0,0,0,0
"18",0,0,0,0,0,0,0,0,0,0,0,0,0,0,0,0,0,0,0,0,0,0,0,0,0,0,0,0,0,0,0,0,0,0,0,0,0,0,0,0,0,0,0,0,0,0,0,0,0,0,0,0,0,0,0,0,0,0,0,0,0,0,0,0,0,0,0,0,0,0,0,0,0,0,0,0,0,0,0,0,0,0,0,0,0,0,0,0,0,0,0,0,0,0,0,0,0,0,0,0,0,0,0,0,0,0,0,0,0,0,0,0,0,0,0,0,0,0,0,0,0,0,0,0,0,0,0,0,0,0,0,0,0,0,0,0,0,0,0,0,0,33,71,82,78,63,53,44,39,36,42,44,48,48,57,60,61,61,70,78,84,80,87,92,93,89,89,89,90,84,86,84,87,89,95,89,88,87,86,83,87,88,92,92,92,89,93,96,90,50,8,0,10,61,105,127,137,134,134,130,130,117,96,53,17,0,0,0,0,0,0,0,0,0,0,0,0,0
"19",0,0,0,0,0,0,0,0,0,0,0,0,0,0,0,0,0,0,0,0,0,0,0,0,0,0,0,0,0,0,0,0,0,0,0,0,0,0,0,0,0,0,0,0,0,0,0,0,0,0,0,0,0,0,0,0,0,0,0,0,0,0,0,0,0,0,0,0,0,0,0,0,0,0,0,0,0,0,0,0,0,0,0,0,0,0,0,0,0,0,0,0,0,0,0,0,0,0,0,0,0,0,0,0,0,0,0,0,0,0,0,0,0,0,0,0,0,0,0,0,0,0,0,0,0,0,0,0,0,0,0,0,0,0,0,0,0,0,0,42,69,77,69,59,47,40,39,43,38,41,46,52,53,61,64,70,67,71,76,87,90,90,88,91,88,89,88,93,90,85,82,86,86,89,88,90,86,87,85,87,88,93,94,94,89,91,95,102,98,87,79,93,110,128,132,135,130,128,122,123,126,131,127,117,89,44,7,0,0,0,0,0,0,0,0,0,0,0
"20",0,0,0,0,0,0,0,0,0,0,0,0,0,0,0,0,0,0,0,0,0,0,0,0,0,0,0,0,0,0,0,0,0,0,0,0,0,0,0,0,0,0,0,0,0,0,0,0,0,0,0,0,0,0,0,0,0,0,0,0,0,0,0,0,0,0,0,0,0,0,0,0,0,0,0,0,0,0,0,0,0,0,0,0,0,0,0,0,0,0,0,0,0,0,0,0,0,0,0,0,0,0,0,0,0,0,0,0,0,0,0,0,0,0,0,0,0,0,0,0,0,0,0,0,0,0,0,0,0,0,0,0,0,0,0,0,0,15,56,77,81,68,54,42,38,34,41,44,45,46,53,53,60,67,77,79,81,82,88,88,92,89,90,88,89,88,93,89,89,86,87,87,92,91,90,88,91,91,93,92,96,97,99,94,94,93,98,99,105,108,119,130,140,138,135,130,129,122,116,114,121,125,130,129,128,105,51,8,0,0,0,0,0,0,0,0,0,0
"21",0,0,0,0,0,0,0,0,0,0,0,0,0,0,0,0,0,0,0,0,0,0,0,0,0,0,0,0,0,0,0,0,0,0,0,0,0,0,0,0,0,0,0,0,0,0,0,0,0,0,0,0,0,0,0,0,0,0,0,0,0,0,0,0,0,0,0,0,0,0,0,0,0,0,0,0,0,0,0,0,0,0,0,0,0,0,0,0,0,0,0,0,0,0,0,0,0,0,0,0,0,0,0,0,0,0,0,0,0,0,0,0,0,0,0,0,0,0,0,0,0,0,0,0,0,0,0,0,0,0,0,0,0,0,0,26,66,90,84,70,55,48,41,39,38,43,45,51,53,58,60,64,68,80,86,91,90,93,93,94,89,90,90,91,90,93,91,90,88,94,92,93,94,95,88,89,90,97,97,99,97,100,98,97,95,98,94,98,104,120,127,135,134,133,128,128,123,122,114,114,113,120,121,128,132,133,100,43,5,0,0,0,0,0,0,0,0,0
"22",0,0,0,0,0,0,0,0,0,0,0,0,0,0,0,0,0,0,0,0,0,0,0,0,0,0,0,0,0,0,0,0,0,0,0,0,0,0,0,0,0,0,0,0,0,0,0,0,0,0,0,0,0,0,0,0,0,0,0,0,0,0,0,0,0,0,0,0,0,0,0,0,0,0,0,0,0,0,0,0,0,0,0,0,0,0,0,0,0,0,0,0,0,0,0,0,0,0,0,0,0,0,0,0,0,0,0,0,0,0,0,0,0,0,0,0,0,0,0,0,0,0,0,0,0,0,0,0,0,0,0,0,4,34,65,79,83,73,61,49,45,41,43,43,46,47,52,57,65,65,69,74,84,89,95,95,96,94,98,96,95,88,91,93,94,89,87,87,94,96,98,93,94,90,87,86,92,94,98,95,95,92,96,94,96,93,90,89,101,113,126,134,137,131,128,123,123,119,116,114,116,118,124,126,133,138,128,69,21,0,0,0,0,0,0,0,0,0
"23",0,0,0,0,0,0,0,0,0,0,0,0,0,0,0,0,0,0,0,0,0,0,0,0,0,0,0,0,0,0,0,0,0,0,0,0,0,0,0,0,0,0,0,0,0,0,0,0,0,0,0,0,0,0,0,0,0,0,0,0,0,0,0,0,0,0,0,0,0,0,0,0,0,0,0,0,0,0,0,0,0,0,0,0,0,0,0,0,0,0,0,0,0,0,0,0,0,0,0,0,0,0,0,0,0,0,0,0,0,0,0,0,0,0,0,0,0,0,0,0,0,0,0,0,0,0,0,0,0,0,0,33,70,92,91,80,61,50,41,42,40,45,47,50,50,55,59,65,68,72,74,84,89,91,92,95,91,92,90,93,89,88,89,92,89,87,82,89,95,99,95,94,90,92,90,92,91,94,94,97,94,95,94,98,96,95,88,92,101,117,127,137,133,130,125,125,120,120,117,119,119,124,124,128,130,138,134,104,42,7,0,0,0,0,0,0,0,0
"24",0,0,0,0,0,0,0,0,0,0,0,0,0,0,0,0,0,0,0,0,0,0,0,0,0,0,0,0,0,0,0,0,0,0,0,0,0,0,0,0,0,0,0,0,0,0,0,0,0,0,0,0,0,0,0,0,0,0,0,0,0,0,0,0,0,0,0,0,0,0,0,0,0,0,0,0,0,0,0,0,0,0,0,0,0,0,0,0,0,0,0,0,0,0,0,0,0,0,0,0,0,0,0,0,0,0,0,0,0,0,0,0,0,0,0,0,0,0,0,0,0,0,0,0,0,0,0,0,7,50,86,92,85,71,62,48,44,42,43,42,47,50,58,57,60,63,68,68,70,71,81,86,90,86,91,90,89,83,85,83,85,87,89,86,85,82,85,88,95,95,94,89,90,92,98,98,96,92,97,100,105,102,102,101,101,96,96,98,112,124,135,136,134,127,128,125,124,120,121,120,125,125,128,127,131,133,139,125,80,25,1,0,0,0,0,0,0,0
"25",0,0,0,0,0,0,0,0,0,0,0,0,0,0,0,0,0,0,0,0,0,0,0,0,0,0,0,0,0,0,0,0,0,0,0,0,0,0,0,0,0,0,0,0,0,0,0,0,0,0,0,0,0,0,0,0,0,0,0,0,0,0,0,0,0,0,0,0,0,0,0,0,0,0,0,0,0,0,0,0,0,0,0,0,0,0,0,0,0,0,0,0,0,0,0,0,0,0,0,0,0,0,0,0,0,0,0,0,0,0,0,0,0,0,0,0,0,0,0,0,0,0,0,0,0,0,1,34,67,89,88,79,66,58,50,46,43,49,47,48,51,61,64,67,68,74,70,66,64,73,82,92,92,92,91,93,86,83,80,83,84,93,91,89,85,86,86,92,92,95,94,96,92,97,100,102,98,99,104,114,116,116,112,111,104,101,103,116,125,135,135,138,133,134,130,130,127,125,122,128,130,134,128,131,131,135,140,145,119,54,9,0,0,0,0,0,0,0
"26",0,0,0,0,0,0,0,0,0,0,0,0,0,0,0,0,0,0,0,0,0,0,0,0,0,0,0,0,0,0,0,0,0,0,0,0,0,0,0,0,0,0,0,0,0,0,0,0,0,0,0,0,0,0,0,0,0,0,0,0,0,0,0,0,0,0,0,0,0,0,0,0,0,0,0,0,0,0,0,0,0,0,0,0,0,0,0,0,0,0,0,0,0,0,0,0,0,0,0,0,0,0,0,0,0,0,0,0,0,0,0,0,0,0,0,0,0,0,0,0,0,0,0,0,0,36,78,97,96,79,64,53,52,48,48,45,51,54,55,54,64,68,70,64,65,63,63,61,68,76,88,92,95,92,94,91,87,82,84,82,87,89,88,83,85,86,92,92,97,101,106,105,110,109,109,101,98,99,110,118,124,116,115,112,110,107,117,126,133,135,138,134,135,132,132,129,129,124,125,127,133,132,132,130,134,132,139,146,139,75,22,0,0,0,0,0,0,0
"27",0,0,0,0,0,0,0,0,0,0,0,0,0,0,0,0,0,0,0,0,0,0,0,0,0,0,0,0,0,0,0,0,0,0,0,0,0,0,0,0,0,0,0,0,0,0,0,0,0,0,0,0,0,0,0,0,0,0,0,0,0,0,0,0,0,0,0,0,0,0,0,0,0,0,0,0,0,0,0,0,0,0,0,0,0,0,0,0,0,0,0,0,0,0,0,0,0,0,0,0,0,0,0,0,0,0,0,0,0,0,0,0,0,0,0,0,0,0,0,0,0,0,5,47,75,86,82,77,64,55,48,51,51,52,50,55,56,59,58,64,70,73,63,55,47,45,50,65,76,86,88,92,90,91,88,87,83,86,86,85,79,80,77,80,83,92,95,101,105,117,119,124,128,128,115,102,93,99,108,118,115,113,108,112,112,119,124,131,130,136,137,136,131,131,129,130,124,123,122,128,127,129,128,132,131,133,132,140,140,100,37,6,0,0,0,0,0,0
"28",0,0,0,0,0,0,0,0,0,0,0,0,0,0,0,0,0,0,0,0,0,0,0,0,0,0,0,0,0,0,0,0,0,0,0,0,0,0,0,0,0,0,0,0,0,0,0,0,0,0,0,0,0,0,0,0,0,0,0,0,0,0,0,0,0,0,0,0,0,0,0,0,0,0,0,0,0,0,0,0,0,0,0,0,0,0,0,0,0,0,0,0,0,0,0,0,0,0,0,0,0,0,0,0,0,0,0,0,0,0,0,0,0,0,0,0,0,0,0,0,0,16,59,83,90,78,67,56,50,45,48,48,52,52,58,60,63,64,70,67,62,52,48,46,49,52,64,72,82,84,88,87,88,83,83,79,80,79,82,74,70,65,75,85,98,105,112,115,123,126,129,128,132,124,114,102,100,101,108,110,114,113,115,118,125,124,131,134,137,138,141,133,132,130,134,130,128,124,128,128,130,130,134,133,134,132,135,138,144,117,53,9,0,0,0,0,0,0
"29",0,0,0,0,0,0,0,0,0,0,0,0,0,0,0,0,0,0,0,0,0,0,0,0,0,0,0,0,0,0,0,0,0,0,0,0,0,0,0,0,0,0,0,0,0,0,0,0,0,0,0,0,0,0,0,0,0,0,0,0,0,0,0,0,0,0,0,0,0,0,0,0,0,0,0,0,0,0,0,0,0,0,0,0,0,0,0,0,0,0,0,0,0,0,0,0,0,0,0,0,0,0,0,0,0,0,0,0,0,0,0,0,0,0,0,0,0,0,0,34,75,94,87,78,63,55,49,48,47,50,51,55,54,60,64,69,69,74,70,64,51,48,48,55,62,74,79,84,82,85,83,85,79,75,75,82,81,85,85,84,79,81,91,106,115,124,126,133,134,135,132,135,131,126,115,112,109,110,108,112,116,124,124,131,131,132,133,140,140,145,143,135,129,133,133,134,128,129,127,131,133,136,134,137,134,135,134,141,143,130,63,14,0,0,0,0,0,0
"30",0,0,0,0,0,0,0,0,0,0,0,0,0,0,0,0,0,0,0,0,0,0,0,0,0,0,0,0,0,0,0,0,0,0,0,0,0,0,0,0,0,0,0,0,0,0,0,0,0,0,0,0,0,0,0,0,0,0,0,0,0,0,0,0,0,0,0,0,0,0,0,0,0,0,0,0,0,0,0,0,0,0,0,0,0,0,0,0,0,0,0,0,0,0,0,0,0,0,0,0,0,0,0,0,0,0,0,0,0,0,0,0,0,0,0,0,0,23,64,85,93,81,68,54,52,48,49,47,54,58,62,60,65,68,75,76,80,74,63,50,56,64,77,80,86,91,91,85,87,86,86,80,74,65,79,93,100,104,113,117,123,125,131,130,135,136,141,139,140,139,144,142,141,134,131,125,122,116,118,122,130,134,138,136,138,136,141,143,145,144,144,134,132,132,135,131,130,126,129,131,136,134,137,137,138,134,136,139,144,132,79,21,0,0,0,0,0,0
"31",0,0,0,0,0,0,0,0,0,0,0,0,0,0,0,0,0,0,0,0,0,0,0,0,0,0,0,0,0,0,0,0,0,0,0,0,0,0,0,0,0,0,0,0,0,0,0,0,0,0,0,0,0,0,0,0,0,0,0,0,0,0,0,0,0,0,0,0,0,0,0,0,0,0,0,0,0,0,0,0,0,0,0,0,0,0,0,0,0,0,0,0,0,0,0,0,0,0,0,0,0,0,0,0,0,0,0,0,0,0,0,0,0,0,0,19,61,91,94,86,68,55,46,44,45,49,51,57,59,64,66,70,71,76,75,80,79,74,62,60,66,80,84,90,88,89,82,84,87,92,88,87,82,86,98,114,118,126,132,140,142,145,142,141,138,142,141,142,138,141,143,147,140,136,130,129,125,128,128,136,137,141,140,142,140,143,142,146,143,145,140,138,134,136,135,136,132,132,129,132,133,137,137,140,138,136,134,141,141,135,85,31,1,0,0,0,0,0
"32",0,0,0,0,0,0,0,0,0,0,0,0,0,0,0,0,0,0,0,0,0,0,0,0,0,0,0,0,0,0,0,0,0,0,0,0,0,0,0,0,0,0,0,0,0,0,0,0,0,0,0,0,0,0,0,0,0,0,0,0,0,0,0,0,0,0,0,0,0,0,0,0,0,0,0,0,0,0,0,0,0,0,0,0,0,0,0,0,0,0,0,0,0,0,0,0,0,0,0,0,0,0,0,0,0,0,0,0,0,0,0,0,0,42,83,96,93,79,67,54,48,42,43,44,49,52,62,63,67,66,73,76,80,76,76,76,79,73,74,77,81,80,81,81,81,74,76,81,94,96,99,99,105,113,126,130,134,135,142,140,140,136,137,135,138,137,140,138,138,135,141,140,135,126,124,123,128,130,138,139,142,138,140,140,144,141,143,141,144,140,139,137,140,137,140,138,138,133,132,130,134,135,140,139,140,134,137,140,143,135,95,34,4,0,0,0,0,0
"33",0,0,0,0,0,0,0,0,0,0,0,0,0,0,0,0,0,0,0,0,0,0,0,0,0,0,0,0,0,0,0,0,0,0,0,0,0,0,0,0,0,0,0,0,0,0,0,0,0,0,0,0,0,0,0,0,0,0,0,0,0,0,0,0,0,0,0,0,0,0,0,0,0,0,0,0,0,0,0,0,0,0,0,0,0,0,0,0,0,0,0,0,0,0,0,0,0,0,0,0,0,0,0,0,0,0,0,0,0,0,0,35,67,88,91,84,72,65,57,52,47,48,49,51,54,62,65,70,69,73,79,88,88,85,78,83,83,83,81,84,81,83,82,81,76,77,83,97,105,115,119,122,123,131,133,137,135,140,139,137,131,133,132,135,134,138,138,140,138,138,134,133,123,120,120,127,130,133,136,140,137,137,137,142,140,140,136,139,139,137,131,135,137,142,140,139,134,133,130,132,132,136,134,136,136,139,137,142,142,142,98,38,4,0,0,0,0,0
"34",0,0,0,0,0,0,0,0,0,0,0,0,0,0,0,0,0,0,0,0,0,0,0,0,0,0,0,0,0,0,0,0,0,0,0,0,0,0,0,0,0,0,0,0,0,0,0,0,0,0,0,0,0,0,0,0,0,0,0,0,0,0,0,0,0,0,0,0,0,0,0,0,0,0,0,0,0,0,0,0,0,0,0,0,0,0,0,0,0,0,0,0,0,0,0,0,0,0,0,0,0,0,0,0,0,0,0,0,0,44,85,99,94,79,66,56,55,52,55,54,55,55,60,60,66,70,77,78,82,84,92,95,96,90,88,86,89,86,85,81,82,84,91,90,92,95,106,111,121,128,136,134,135,134,137,137,142,139,137,131,132,131,136,137,136,136,141,139,140,136,132,125,123,122,130,134,139,132,138,140,141,138,141,139,139,135,139,140,142,135,134,135,142,143,144,137,135,133,134,131,134,134,135,134,138,138,141,140,144,143,107,41,7,0,0,0,0,0
"35",0,0,0,0,0,0,0,0,0,0,0,0,0,0,0,0,0,0,0,0,0,0,0,0,0,0,0,0,0,0,0,0,0,0,0,0,0,0,0,0,0,0,0,0,0,0,0,0,0,0,0,0,0,0,0,0,0,0,0,0,0,0,0,0,0,0,0,0,0,0,0,0,0,0,0,0,0,0,0,0,0,0,0,0,0,0,0,0,0,0,0,0,0,0,0,0,0,0,0,0,0,0,0,0,0,0,19,64,87,96,83,71,55,51,45,49,50,55,54,59,59,62,63,71,76,82,86,93,95,99,99,101,95,95,92,92,89,88,82,82,84,94,102,111,115,126,127,129,130,137,137,137,133,137,138,143,144,144,134,134,134,140,142,145,137,140,141,140,134,135,128,126,127,136,141,147,142,138,139,146,144,147,143,142,132,137,143,150,145,143,139,142,143,145,140,138,134,138,135,132,132,138,137,140,139,141,138,141,141,146,109,45,6,0,0,0,0,0
"36",0,0,0,0,0,0,0,0,0,0,0,0,0,0,0,0,0,0,0,0,0,0,0,0,0,0,0,0,0,0,0,0,0,0,0,0,0,0,0,0,0,0,0,0,0,0,0,0,0,0,0,0,0,0,0,0,0,0,0,0,0,0,0,0,0,0,0,0,0,0,0,0,0,0,0,0,0,0,0,0,0,0,0,0,0,0,0,0,0,0,0,0,0,0,0,0,0,0,0,0,0,0,0,0,0,45,84,96,93,79,64,53,48,43,45,44,48,51,58,60,64,63,69,76,83,85,91,92,95,95,96,92,93,90,90,87,89,88,92,96,106,112,121,125,130,129,130,128,130,130,132,131,133,133,139,140,141,136,135,132,136,138,140,135,135,132,135,131,131,128,129,127,133,138,146,143,142,136,139,139,142,137,136,136,138,137,141,141,142,138,140,138,141,138,137,134,136,132,130,127,132,133,137,135,138,136,138,136,140,141,109,42,7,0,0,0,0,0
"37",0,0,0,0,0,0,0,0,0,0,0,0,0,0,0,0,0,0,0,0,0,0,0,0,0,0,0,0,0,0,0,0,0,0,0,0,0,0,0,0,0,0,0,0,0,0,0,0,0,0,0,0,0,0,0,0,0,0,0,0,0,0,0,0,0,0,0,0,0,0,0,0,0,0,0,0,0,0,0,0,0,0,0,0,0,0,0,0,0,0,0,0,0,0,0,0,0,0,0,0,0,0,0,54,91,103,90,77,58,52,49,49,49,51,48,51,51,60,64,69,69,73,77,85,88,93,91,93,90,91,88,88,88,92,89,93,96,103,107,116,124,131,131,135,131,128,125,128,127,128,126,130,130,133,134,138,133,135,135,135,134,140,134,133,130,131,128,128,126,129,129,135,137,142,142,140,136,139,136,137,134,133,129,135,136,139,136,137,137,139,136,137,134,135,132,134,131,128,124,127,127,131,130,134,132,136,134,137,136,140,103,42,5,0,0,0,0,0
"38",0,0,0,0,0,0,0,0,0,0,0,0,0,0,0,0,0,0,0,0,0,0,0,0,0,0,0,0,0,0,0,0,0,0,0,0,0,0,0,0,0,0,0,0,0,0,0,0,0,0,0,0,0,0,0,0,0,0,0,0,0,0,0,0,0,0,0,0,0,0,0,0,0,0,0,0,0,0,0,0,0,0,0,0,0,0,0,0,0,0,0,0,0,0,0,0,0,0,0,0,0,41,77,91,93,82,71,57,55,51,55,55,58,58,61,62,69,74,81,82,87,87,95,96,100,97,97,95,95,91,91,88,94,97,104,109,118,124,128,128,136,136,135,132,132,128,131,132,133,131,132,133,136,132,133,134,138,139,142,136,138,140,140,136,138,133,131,128,131,131,139,144,148,144,143,137,139,140,140,136,137,137,140,135,136,136,140,139,141,138,139,135,136,135,139,133,129,125,128,125,126,124,126,127,133,133,139,140,142,139,103,39,6,0,0,0,0,0
"39",0,0,0,0,0,0,0,0,0,0,0,0,0,0,0,0,0,0,0,0,0,0,0,0,0,0,0,0,0,0,0,0,0,0,0,0,0,0,0,0,0,0,0,0,0,0,0,0,0,0,0,0,0,0,0,0,0,0,0,0,0,0,0,0,0,0,0,0,0,0,0,0,0,0,0,0,0,0,0,0,0,0,0,0,0,0,0,0,0,0,0,0,0,0,0,0,0,0,0,39,79,100,95,83,67,58,51,51,50,55,57,62,60,64,64,71,76,84,88,94,95,99,100,105,101,98,91,91,89,91,92,99,106,113,117,125,128,135,134,136,136,137,131,131,128,132,133,137,133,132,130,134,132,133,132,136,136,140,137,133,130,135,133,132,129,129,124,130,133,137,141,148,146,145,141,140,137,140,137,139,136,140,140,139,136,141,140,141,137,139,138,139,138,142,140,138,132,133,130,127,120,119,119,128,132,137,138,144,141,142,102,41,5,0,0,0,0,0
"40",0,0,0,0,0,0,0,0,0,0,0,0,0,0,0,0,0,0,0,0,0,0,0,0,0,0,0,0,0,0,0,0,0,0,0,0,0,0,0,0,0,0,0,0,0,0,0,0,0,0,0,0,0,0,0,0,0,0,0,0,0,0,0,0,0,0,0,0,0,0,0,0,0,0,0,0,0,0,0,0,0,0,0,0,0,0,0,0,0,0,0,0,0,0,0,0,2,57,95,100,92,78,65,54,49,45,48,47,52,55,63,62,63,64,71,74,81,86,93,95,101,101,102,98,97,90,85,81,87,92,102,109,122,127,130,129,132,130,135,136,135,130,130,127,130,131,136,134,132,128,130,128,129,127,132,134,134,130,130,123,122,123,121,115,117,116,121,128,138,138,144,144,144,141,144,139,137,132,135,136,138,136,139,138,141,141,141,137,137,136,140,139,144,144,142,139,143,140,136,124,117,112,115,123,134,136,141,139,141,141,105,39,6,0,0,0,0,0
"41",0,0,0,0,0,0,0,0,0,0,0,0,0,0,0,0,0,0,0,0,0,0,0,0,0,0,0,0,0,0,0,0,0,0,0,0,0,0,0,0,0,0,0,0,0,0,0,0,0,0,0,0,0,0,0,0,0,0,0,0,0,0,0,0,0,0,0,0,0,0,0,0,0,0,0,0,0,0,0,0,0,0,0,0,0,0,0,0,0,0,0,0,0,0,0,29,67,91,91,80,65,57,50,48,42,43,44,49,50,58,60,64,65,73,78,85,89,96,96,98,95,97,92,89,81,80,79,87,97,111,116,122,126,132,130,131,127,132,133,136,132,130,125,127,127,133,131,131,127,129,127,127,121,123,124,129,128,126,117,117,115,115,109,108,110,118,125,136,140,144,140,142,143,146,141,138,132,134,134,137,136,140,137,140,137,136,134,137,138,144,140,140,139,144,138,140,139,141,133,125,116,114,112,119,127,135,136,138,139,143,102,40,4,0,0,0,0,0
"42",0,0,0,0,0,0,0,0,0,0,0,0,0,0,0,0,0,0,0,0,0,0,0,0,0,0,0,0,0,0,0,0,0,0,0,0,0,0,0,0,0,0,0,0,0,0,0,0,0,0,0,0,0,0,0,0,0,0,0,0,0,0,0,0,0,0,0,0,0,0,0,0,0,0,0,0,0,0,0,0,0,0,0,0,0,0,0,0,0,0,0,0,0,25,74,94,95,78,65,51,46,41,45,47,48,49,53,54,60,63,67,70,77,82,91,93,99,101,103,99,98,93,93,92,94,94,101,106,116,125,132,130,132,132,135,132,133,134,136,134,135,130,128,127,132,134,134,128,131,130,129,123,122,123,128,126,126,117,113,110,110,105,106,104,110,117,132,138,143,140,139,136,143,142,139,134,135,134,136,133,137,137,140,137,136,131,134,135,140,141,142,135,138,139,139,135,139,137,134,121,118,113,113,116,128,132,136,135,141,138,96,34,5,0,0,0,0,0
"43",0,0,0,0,0,0,0,0,0,0,0,0,0,0,0,0,0,0,0,0,0,0,0,0,0,0,0,0,0,0,0,0,0,0,0,0,0,0,0,0,0,0,0,0,0,0,0,0,0,0,0,0,0,0,0,0,0,0,0,0,0,0,0,0,0,0,0,0,0,0,0,0,0,0,0,0,0,0,0,0,0,0,0,0,0,0,0,0,0,0,0,21,67,94,91,80,70,60,49,49,46,43,44,53,57,64,66,72,70,74,78,87,89,94,95,101,101,103,102,105,102,100,98,109,118,128,131,134,131,135,137,140,135,135,135,140,139,140,136,138,135,133,128,132,134,139,136,136,134,134,128,125,123,130,133,132,119,113,108,107,100,101,103,109,108,118,130,138,137,138,135,136,136,137,134,139,138,137,132,133,134,138,136,137,134,136,134,138,136,139,137,136,136,140,136,136,135,138,130,122,116,114,112,120,128,135,134,138,141,136,82,27,0,0,0,0,0,0
"44",0,0,0,0,0,0,0,0,0,0,0,0,0,0,0,0,0,0,0,0,0,0,0,0,0,0,0,0,0,0,0,0,0,0,0,0,0,0,0,0,0,0,0,0,0,0,0,0,0,0,0,0,0,0,0,0,0,0,0,0,0,0,0,0,0,0,0,0,0,0,0,0,0,0,0,0,0,0,0,0,0,0,0,0,0,0,0,0,0,0,39,80,98,90,77,63,57,50,49,48,51,48,51,55,63,64,69,76,82,85,90,91,94,92,94,95,96,93,94,92,97,102,114,123,131,132,135,133,134,134,138,137,135,130,133,138,141,135,135,133,132,128,129,130,135,134,137,134,129,123,124,122,126,127,127,118,112,104,106,102,101,97,102,103,108,111,125,129,136,139,142,138,140,139,146,146,144,134,135,136,139,139,144,141,142,140,140,139,143,141,142,140,140,137,138,136,138,135,132,124,122,114,116,122,133,135,139,140,146,133,74,18,0,0,0,0,0,0
"45",0,0,0,0,0,0,0,0,0,0,0,0,0,0,0,0,0,0,0,0,0,0,0,0,0,0,0,0,0,0,0,0,0,0,0,0,0,0,0,0,0,0,0,0,0,0,0,0,0,0,0,0,0,0,0,0,0,0,0,0,0,0,0,0,0,0,0,0,0,0,0,0,0,0,0,0,0,0,0,0,0,0,0,0,0,0,0,0,35,84,98,94,76,65,56,53,50,52,50,55,54,58,58,63,65,71,72,81,87,93,93,93,90,91,88,88,86,89,88,94,101,115,125,132,129,128,124,128,128,133,132,134,131,132,131,138,137,135,131,132,128,129,128,130,130,132,130,129,119,116,116,124,124,123,113,109,102,102,100,102,98,99,97,100,101,107,111,120,126,135,136,139,136,143,147,150,143,135,134,141,137,139,140,144,141,142,139,145,144,146,141,142,137,135,134,138,136,137,133,129,120,117,113,123,130,137,137,144,147,132,63,14,0,0,0,0,0,0
"46",0,0,0,0,0,0,0,0,0,0,0,0,0,0,0,0,0,0,0,0,0,0,0,0,0,0,0,0,0,0,0,0,0,0,0,0,0,0,0,0,0,0,0,0,0,0,0,0,0,0,0,0,0,0,0,0,0,0,0,0,0,0,0,0,0,0,0,0,0,0,0,0,0,0,0,0,0,0,0,0,0,0,0,0,0,0,20,67,94,94,82,66,59,55,54,50,52,52,57,56,59,63,68,70,76,80,87,88,92,90,91,90,92,90,91,86,87,91,102,112,127,131,135,132,129,124,123,124,131,131,131,128,136,138,140,137,139,135,135,132,135,133,132,129,131,130,127,118,118,117,120,119,121,113,110,103,104,102,103,99,100,95,99,98,99,97,102,106,113,116,122,124,131,134,138,136,136,133,139,138,136,130,131,134,136,130,137,142,145,138,136,132,132,128,133,134,135,136,137,127,116,107,110,116,128,131,137,143,150,125,59,10,0,0,0,0,0,0
"47",0,0,0,0,0,0,0,0,0,0,0,0,0,0,0,0,0,0,0,0,0,0,0,0,0,0,0,0,0,0,0,0,0,0,0,0,0,0,0,0,0,0,0,0,0,0,0,0,0,0,0,0,0,0,0,0,0,0,0,0,0,0,0,0,0,0,0,0,0,0,0,0,0,0,0,0,0,0,0,0,0,0,0,0,0,41,86,103,92,76,58,50,45,48,44,44,44,51,56,60,60,67,72,81,83,89,91,93,89,88,86,89,90,93,92,97,100,109,121,135,139,140,136,138,134,133,129,131,130,130,127,131,137,142,136,135,134,137,136,138,137,134,128,128,127,129,125,122,120,120,115,115,110,108,100,98,97,100,100,103,100,101,101,102,98,97,93,99,103,110,113,125,131,134,131,133,134,138,136,137,134,134,129,134,132,133,135,142,138,136,132,132,129,130,132,138,136,138,135,129,114,108,106,116,125,133,135,145,148,119,49,10,0,0,0,0,0,0
"48",0,0,0,0,0,0,0,0,0,0,0,0,0,0,0,0,0,0,0,0,0,0,0,0,0,0,0,0,0,0,0,0,0,0,0,0,0,0,0,0,0,0,0,0,0,0,0,0,0,0,0,0,0,0,0,0,0,0,0,0,0,0,0,0,0,0,0,0,0,0,0,0,0,0,0,0,0,0,0,0,0,0,0,28,82,98,92,72,62,53,51,46,46,41,42,38,43,48,58,62,67,69,80,85,91,89,88,87,89,85,86,84,88,93,101,107,121,128,137,138,139,134,137,137,141,138,138,134,132,126,129,133,138,134,132,128,130,132,137,135,135,128,126,124,127,124,126,124,122,115,113,108,105,99,96,89,92,95,105,106,109,109,112,110,106,96,93,94,101,106,118,127,136,134,133,132,138,134,134,132,137,136,137,134,136,137,142,138,135,132,137,134,134,131,135,138,142,136,135,127,117,109,112,118,129,133,139,143,149,105,42,5,0,0,0,0,0,0
"49",0,0,0,0,0,0,0,0,0,0,0,0,0,0,0,0,0,0,0,0,0,0,0,0,0,0,0,0,0,0,0,0,0,0,0,0,0,0,0,0,0,0,0,0,0,0,0,0,0,0,0,0,0,0,0,0,0,0,0,0,0,0,0,0,0,0,0,0,0,0,0,0,0,0,0,0,0,0,0,0,0,0,33,77,91,84,70,61,52,52,50,52,51,54,53,54,53,59,66,75,78,82,87,94,89,85,76,83,85,85,82,84,87,99,115,126,130,134,132,132,129,130,130,134,133,133,129,129,126,128,130,137,136,136,130,130,129,132,129,129,124,125,125,131,129,122,116,115,111,110,105,107,102,99,94,96,96,105,110,119,122,126,124,125,114,105,93,94,95,105,115,129,133,134,129,130,127,125,124,129,130,133,131,137,135,137,137,138,132,135,137,139,135,136,133,135,136,139,134,126,112,111,117,128,131,138,140,149,144,87,26,2,0,0,0,0,0,0
"50",0,0,0,0,0,0,0,0,0,0,0,0,0,0,0,0,0,0,0,0,0,0,0,0,0,0,0,0,0,0,0,0,0,0,0,0,0,0,0,0,0,0,0,0,0,0,0,0,0,0,0,0,0,0,0,0,0,0,0,0,0,0,0,0,0,0,0,0,0,0,0,0,0,0,0,0,0,0,0,0,13,63,90,84,69,53,50,48,51,50,55,54,58,60,64,64,68,71,79,83,88,86,90,86,82,72,69,74,83,87,92,93,101,114,132,134,136,130,129,126,128,127,130,129,132,128,129,127,130,130,135,136,138,133,132,129,130,128,128,123,124,123,128,127,126,112,108,104,103,99,99,98,99,94,95,96,103,108,116,126,134,133,133,127,119,106,99,94,97,99,111,117,125,124,122,115,115,113,119,125,132,134,137,135,137,135,139,137,136,136,141,138,140,137,137,132,137,138,138,124,113,111,124,131,135,136,142,145,139,68,16,0,0,0,0,0,0,0
"51",0,0,0,0,0,0,0,0,0,0,0,0,0,0,0,0,0,0,0,0,0,0,0,0,0,0,0,0,0,0,0,0,0,0,0,0,0,0,0,0,0,0,0,0,0,0,0,0,0,0,0,0,0,0,0,0,0,0,0,0,0,0,0,0,0,0,0,0,0,0,0,0,0,0,0,0,0,0,0,50,85,91,77,62,47,42,41,46,45,50,54,58,59,65,67,73,77,83,86,89,84,85,78,74,66,67,68,73,80,94,104,118,124,133,138,140,133,131,128,130,130,132,132,134,133,135,133,137,134,135,133,136,132,134,131,130,126,127,125,128,126,128,122,117,107,103,100,101,96,94,89,89,86,91,92,99,104,113,117,131,136,137,129,125,116,110,102,103,100,101,100,106,111,113,107,103,102,113,118,128,135,144,141,138,134,141,139,140,136,141,140,140,138,140,137,140,139,142,135,127,115,115,122,132,134,138,137,140,124,59,10,0,0,0,0,0,0,0
"52",0,0,0,0,0,0,0,0,0,0,0,0,0,0,0,0,0,0,0,0,0,0,0,0,0,0,0,0,0,0,0,0,0,0,0,0,0,0,0,0,0,0,0,0,0,0,0,0,0,0,0,0,0,0,0,0,0,0,0,0,0,0,0,0,0,0,0,0,0,0,0,0,0,0,0,0,0,0,55,93,96,78,66,54,51,44,47,47,49,49,56,58,65,70,77,79,87,86,87,85,85,82,80,75,75,75,82,81,89,103,119,127,130,130,132,132,135,132,133,130,131,128,129,128,130,129,131,128,128,125,127,124,125,124,128,125,126,124,124,120,122,116,113,106,103,99,103,99,99,92,88,83,86,90,101,111,122,126,131,133,138,137,134,127,125,120,114,109,107,102,103,102,106,105,107,99,102,112,123,127,136,138,138,131,135,138,138,134,138,137,138,134,135,134,138,136,140,140,138,122,113,108,114,123,133,136,140,132,103,41,6,0,0,0,0,0,0,0
"53",0,0,0,0,0,0,0,0,0,0,0,0,0,0,0,0,0,0,0,0,0,0,0,0,0,0,0,0,0,0,0,0,0,0,0,0,0,0,0,0,0,0,0,0,0,0,0,0,0,0,0,0,0,0,0,0,0,0,0,0,0,0,0,0,0,0,0,0,0,0,0,0,0,0,0,0,22,77,96,90,70,58,52,55,54,52,50,52,52,55,56,64,70,80,82,89,89,89,82,85,83,82,79,82,82,89,92,94,99,118,127,131,128,127,123,128,130,133,130,131,127,128,124,126,121,123,122,121,117,121,120,122,119,122,124,124,120,122,117,113,109,107,101,101,99,101,100,103,98,94,85,87,90,99,111,128,134,140,135,134,133,138,133,131,130,129,120,116,111,110,109,112,107,111,111,109,108,121,127,133,133,133,131,132,134,141,135,135,135,138,136,133,130,133,134,137,137,140,132,121,107,106,109,122,131,138,139,125,70,22,0,0,0,0,0,0,0,0
"54",0,0,0,0,0,0,0,0,0,0,0,0,0,0,0,0,0,0,0,0,0,0,0,0,0,0,0,0,0,0,0,0,0,0,0,0,0,0,0,0,0,0,0,0,0,0,0,0,0,0,0,0,0,0,0,0,0,0,0,0,0,0,0,0,0,0,0,0,0,0,0,0,0,0,0,32,77,89,86,69,58,47,47,46,49,51,56,55,60,60,66,72,81,86,91,91,93,89,87,85,85,80,81,80,84,89,101,108,121,128,133,131,131,126,124,122,126,126,128,127,129,126,126,120,118,114,114,112,116,121,124,122,126,126,127,119,115,109,106,99,100,96,97,96,99,95,96,93,92,86,87,92,104,114,129,136,142,136,132,131,132,127,130,130,130,126,127,120,119,119,123,122,123,122,124,122,125,130,137,138,139,134,137,136,141,139,140,139,141,141,144,137,135,133,140,140,140,135,129,116,108,107,118,127,136,138,141,109,49,6,0,0,0,0,0,0,0,0
"55",0,0,0,0,0,0,0,0,0,0,0,0,0,0,0,0,0,0,0,0,0,0,0,0,0,0,0,0,0,0,0,0,0,0,0,0,0,0,0,0,0,0,0,0,0,0,0,0,0,0,0,0,0,0,0,0,0,0,0,0,0,0,0,0,0,0,0,0,0,0,0,0,0,3,60,96,94,78,62,57,50,51,49,52,52,59,61,66,69,75,78,84,86,91,92,97,93,92,86,87,83,83,74,73,80,97,111,125,128,133,130,129,128,126,113,114,119,128,127,127,123,127,125,125,118,117,115,121,124,128,125,126,122,122,116,114,106,100,93,94,92,93,92,97,95,92,87,92,93,98,101,112,116,128,134,142,138,134,128,131,130,128,130,135,130,130,128,128,126,132,130,132,130,131,129,132,131,134,137,141,137,135,133,141,141,141,138,140,139,143,139,139,135,139,140,142,137,135,126,119,110,114,127,136,137,144,139,103,41,6,0,0,0,0,0,0,0,0
"56",0,0,0,0,0,0,0,0,0,0,0,0,0,0,0,0,0,0,0,0,0,0,0,0,0,0,0,0,0,0,0,0,0,0,0,0,0,0,0,0,0,0,0,0,0,0,0,0,0,0,0,0,0,0,0,0,0,0,0,0,0,0,0,0,0,0,0,0,0,0,0,0,38,84,98,87,72,56,53,52,58,57,60,62,67,67,74,76,82,88,94,90,88,88,96,98,97,90,90,86,87,83,71,63,84,107,126,128,130,128,126,124,128,119,113,108,118,127,129,122,121,120,128,126,125,122,128,131,135,127,125,121,115,107,103,99,98,90,89,88,90,89,95,93,91,84,89,95,105,114,127,128,130,130,137,138,135,131,133,130,131,133,140,139,136,131,133,132,136,135,135,132,133,131,132,130,131,130,135,135,133,127,129,137,143,135,135,134,139,134,134,132,138,137,140,136,136,133,130,120,118,120,134,137,141,142,142,100,41,4,0,0,0,0,0,0,0,0
"57",0,0,0,0,0,0,0,0,0,0,0,0,0,0,0,0,0,0,0,0,0,0,0,0,0,0,0,0,0,0,0,0,0,0,0,0,0,0,0,0,0,0,0,0,0,0,0,0,0,0,0,0,0,0,0,0,0,0,0,0,0,0,0,0,0,0,0,0,0,0,0,46,85,97,83,69,58,55,51,54,55,59,63,74,76,79,78,84,86,91,93,95,93,95,94,96,95,97,94,93,86,85,78,83,98,117,122,126,125,129,127,130,129,130,124,125,125,126,117,115,118,123,124,128,124,125,122,123,118,117,110,108,103,100,92,87,80,76,75,82,83,89,91,92,88,92,98,112,122,131,135,135,131,134,134,135,131,133,132,131,130,136,135,135,132,135,137,138,136,136,131,132,131,135,132,131,130,137,134,132,128,128,127,137,136,134,130,134,135,137,134,136,134,136,134,139,139,140,128,118,115,125,130,138,140,145,142,99,35,5,0,0,0,0,0,0,0,0
"58",0,0,0,0,0,0,0,0,0,0,0,0,0,0,0,0,0,0,0,0,0,0,0,0,0,0,0,0,0,0,0,0,0,0,0,0,0,0,0,0,0,0,0,0,0,0,0,0,0,0,0,0,0,0,0,0,0,0,0,0,0,0,0,0,0,0,0,0,0,19,71,96,94,75,64,55,55,56,60,59,62,64,73,80,85,84,88,89,90,87,91,94,98,96,93,89,92,90,90,87,89,88,96,105,119,124,126,125,130,129,132,130,134,135,137,132,130,119,116,114,122,122,122,118,120,116,116,110,107,102,99,95,97,92,88,78,73,69,75,80,86,87,91,90,93,98,111,121,130,132,135,132,134,132,133,129,132,132,134,130,132,133,134,131,133,135,140,137,137,134,135,132,136,135,134,130,132,134,136,130,129,127,132,133,135,129,132,133,134,133,135,133,134,133,136,139,144,138,128,114,114,120,128,132,140,142,140,82,27,0,0,0,0,0,0,0,0,0
"59",0,0,0,0,0,0,0,0,0,0,0,0,0,0,0,0,0,0,0,0,0,0,0,0,0,0,0,0,0,0,0,0,0,0,0,0,0,0,0,0,0,0,0,0,0,0,0,0,0,0,0,0,0,0,0,0,0,0,0,0,0,0,0,0,0,0,0,0,36,82,95,87,68,60,56,59,60,64,65,70,72,78,81,85,86,90,92,96,89,88,87,94,95,94,87,85,80,78,70,76,84,99,110,124,130,135,132,135,135,135,130,131,130,136,134,132,124,121,120,125,124,121,112,107,104,107,105,106,100,95,89,90,88,89,82,80,75,78,82,92,90,92,92,96,97,108,115,124,126,128,127,131,131,132,127,129,131,135,131,131,131,135,134,137,135,139,137,137,135,140,137,138,138,140,134,133,128,131,132,135,129,132,135,133,130,133,132,135,130,131,128,130,130,136,138,142,138,135,123,115,110,116,123,131,136,142,124,60,10,0,0,0,0,0,0,0,0,0
"60",0,0,0,0,0,0,0,0,0,0,0,0,0,0,0,0,0,0,0,0,0,0,0,0,0,0,0,0,0,0,0,0,0,0,0,0,0,0,0,0,0,0,0,0,0,0,0,0,0,0,0,0,0,0,0,0,0,0,0,0,0,0,0,0,0,0,0,40,84,91,81,63,55,50,55,58,64,64,71,73,80,81,86,84,85,86,92,95,97,95,97,97,100,94,91,82,78,71,71,70,80,92,110,120,125,126,131,130,131,128,131,131,133,133,134,130,127,115,115,111,111,107,105,97,99,98,100,96,95,86,84,81,83,82,80,75,78,82,91,92,93,93,99,102,113,120,128,126,128,124,128,127,130,127,129,127,133,132,131,129,133,136,138,134,137,135,138,134,135,134,135,133,139,134,129,128,132,130,136,135,134,132,137,131,133,132,135,134,135,131,133,132,136,137,141,138,139,134,128,115,113,114,125,130,140,137,102,40,6,0,0,0,0,0,0,0,0,0
"61",0,0,0,0,0,0,0,0,0,0,0,0,0,0,0,0,0,0,0,0,0,0,0,0,0,0,0,0,0,0,0,0,0,0,0,0,0,0,0,0,0,0,0,0,0,0,0,0,0,0,0,0,0,0,0,0,0,0,0,0,0,0,0,0,0,8,64,96,86,70,56,54,52,55,54,59,62,68,72,79,78,82,84,87,83,83,84,92,96,101,99,96,89,90,85,81,73,75,77,78,78,92,103,116,116,121,127,128,122,125,126,131,129,130,127,125,116,113,104,100,97,99,95,93,92,95,90,89,84,85,79,78,77,80,76,76,76,87,91,94,94,100,106,116,125,134,134,134,129,131,130,129,125,128,126,129,130,132,127,130,133,140,137,135,133,137,136,135,132,132,130,133,134,132,122,128,131,135,136,139,133,135,134,133,131,134,132,134,135,137,134,139,138,140,136,139,138,137,127,118,112,118,127,137,141,135,77,24,0,0,0,0,0,0,0,0,0,0
"62",0,0,0,0,0,0,0,0,0,0,0,0,0,0,0,0,0,0,0,0,0,0,0,0,0,0,0,0,0,0,0,0,0,0,0,0,0,0,0,0,0,0,0,0,0,0,0,0,0,0,0,0,0,0,0,0,0,0,0,0,0,0,0,0,10,61,94,94,81,64,59,56,60,60,63,62,65,67,76,79,82,83,90,90,87,78,80,82,90,89,84,68,62,64,71,71,73,78,87,86,91,102,115,117,122,126,132,128,128,126,128,125,126,116,115,107,104,101,105,104,103,96,93,85,85,82,79,78,83,84,84,79,79,76,76,74,81,84,90,92,101,108,116,124,132,132,137,135,137,134,133,128,129,129,129,126,128,127,130,129,137,138,139,135,137,135,137,133,136,135,139,137,138,132,131,128,131,132,138,136,134,131,133,129,131,131,131,128,132,131,133,134,137,134,137,136,140,132,124,114,113,118,133,140,146,129,71,16,0,0,0,0,0,0,0,0,0,0
"63",0,0,0,0,0,0,0,0,0,0,0,0,0,0,0,0,0,0,0,0,0,0,0,0,0,0,0,0,0,0,0,0,0,0,0,0,0,0,0,0,0,0,0,0,0,0,0,0,0,0,0,0,0,0,0,0,0,0,0,0,0,0,0,8,58,92,85,74,62,59,57,62,63,67,69,71,72,80,81,86,86,90,88,84,76,73,74,81,82,78,63,55,55,68,73,77,79,89,94,99,102,116,122,125,121,124,124,124,120,122,120,120,118,114,111,110,107,111,112,112,104,96,87,85,80,80,76,82,84,85,81,81,78,80,81,86,86,89,89,96,102,113,121,129,130,132,133,140,140,138,130,130,131,136,132,130,127,132,132,136,135,139,138,139,134,137,136,137,134,138,140,144,137,134,130,130,127,131,132,135,132,134,134,134,130,132,130,132,131,132,130,135,135,136,134,138,135,133,120,114,112,123,133,143,143,129,71,21,0,0,0,0,0,0,0,0,0,0
"64",0,0,0,0,0,0,0,0,0,0,0,0,0,0,0,0,0,0,0,0,0,0,0,0,0,0,0,0,0,0,0,0,0,0,0,0,0,0,0,0,0,0,0,0,0,0,0,0,0,0,0,0,0,0,0,0,0,0,0,0,0,0,21,70,92,80,66,52,50,51,58,62,67,70,77,77,84,90,92,89,94,91,83,67,62,66,78,82,82,68,55,61,76,87,92,89,93,95,101,105,113,117,126,123,119,112,116,114,114,110,114,115,119,118,124,127,130,127,122,112,103,89,86,85,83,78,83,87,90,81,79,78,81,84,92,94,96,94,96,97,105,111,123,126,130,130,134,135,141,136,131,128,133,137,138,134,137,136,140,138,141,137,140,137,136,135,140,138,137,134,140,140,139,130,128,126,128,128,130,130,136,138,140,137,137,131,135,136,140,133,132,136,140,135,135,133,135,132,125,115,117,123,133,138,144,131,82,25,0,0,0,0,0,0,0,0,0,0
"65",0,0,0,0,0,0,0,0,0,0,0,0,0,0,0,0,0,0,0,0,0,0,0,0,0,0,0,0,0,0,0,0,0,0,0,0,0,0,0,0,0,0,0,0,0,0,0,0,0,0,0,0,0,0,0,0,0,0,0,0,0,25,70,94,86,71,59,56,54,60,64,72,74,79,79,83,85,91,92,95,93,83,64,59,62,75,83,90,83,76,70,80,87,92,92,94,93,97,95,100,102,110,112,119,118,122,125,126,123,126,126,130,128,133,134,139,134,130,115,108,96,90,84,84,80,78,75,78,78,80,80,83,86,90,89,93,95,103,105,112,114,122,124,129,130,134,131,134,134,134,127,129,128,131,133,137,133,135,137,141,143,146,143,144,136,138,137,138,135,137,138,140,133,132,129,132,132,133,132,137,140,141,138,139,134,132,134,141,139,138,134,137,134,135,134,138,137,137,128,119,116,125,130,140,146,139,81,26,0,0,0,0,0,0,0,0,0,0
"66",0,0,0,0,0,0,0,0,0,0,0,0,0,0,0,0,0,0,0,0,0,0,0,0,0,0,0,0,0,0,0,0,0,0,0,0,0,0,0,0,0,0,0,0,0,0,0,0,0,0,0,0,0,0,0,0,0,0,0,1,51,88,99,86,73,59,57,55,61,64,72,74,80,82,85,86,90,89,93,90,82,66,57,59,73,82,90,87,80,76,84,89,96,92,94,94,96,94,96,96,104,109,118,124,130,132,139,136,138,137,140,138,139,137,140,136,131,116,107,96,92,86,87,83,82,78,77,75,79,80,87,88,91,86,83,84,94,103,113,118,126,126,129,131,137,136,134,130,132,131,131,127,128,127,132,134,137,134,137,138,144,146,147,142,141,137,138,134,137,136,137,132,132,131,135,132,135,134,137,138,142,139,138,134,135,134,140,138,138,135,138,136,136,135,140,141,142,139,135,124,123,124,132,138,149,137,71,14,0,0,0,0,0,0,0,0,0,0
"67",0,0,0,0,0,0,0,0,0,0,0,0,0,0,0,0,0,0,0,0,0,0,0,0,0,0,0,0,0,0,0,0,0,0,0,0,0,0,0,0,0,0,0,0,0,0,0,0,0,0,0,0,0,0,0,0,0,0,24,74,94,93,79,71,61,57,51,55,59,67,69,74,78,85,88,92,92,94,88,78,60,56,64,76,82,91,88,82,72,75,82,92,94,96,95,98,97,100,100,109,117,130,137,145,140,141,140,144,141,145,141,141,138,137,131,129,113,102,92,90,83,84,84,87,84,86,86,90,88,89,91,96,87,80,73,80,89,102,111,122,125,131,133,140,140,143,135,132,132,138,136,132,127,130,132,139,141,142,134,135,136,141,140,142,138,138,135,137,136,138,132,131,130,134,134,133,130,135,135,138,137,138,134,133,134,144,143,140,131,133,135,140,138,142,142,145,142,144,136,131,124,129,133,140,143,128,61,14,0,0,0,0,0,0,0,0,0,0
"68",0,0,0,0,0,0,0,0,0,0,0,0,0,0,0,0,0,0,0,0,0,0,0,0,0,0,0,0,0,0,0,0,0,0,0,0,0,0,0,0,0,0,0,0,0,0,0,0,0,0,0,0,0,0,0,0,0,29,82,101,97,78,69,62,62,61,65,66,70,71,75,76,81,83,89,91,95,89,78,63,61,67,82,88,94,93,92,83,79,79,90,93,96,95,98,99,107,108,114,119,129,135,143,142,144,140,141,138,141,140,142,140,141,135,131,117,106,91,87,81,80,80,85,87,90,88,90,90,95,96,102,101,92,79,77,81,94,104,119,126,131,132,137,137,141,140,138,131,133,134,137,129,128,129,135,138,144,141,137,134,138,140,143,139,140,137,140,137,139,137,138,134,135,133,135,131,133,135,139,134,133,131,135,133,138,141,142,134,132,130,135,137,139,137,141,139,139,136,136,130,129,128,136,139,141,108,49,7,0,0,0,0,0,0,0,0,0,0
"69",0,0,0,0,0,0,0,0,0,0,0,0,0,0,0,0,0,0,0,0,0,0,0,0,0,0,0,0,0,0,0,0,0,0,0,0,0,0,0,0,0,0,0,0,0,0,0,0,0,0,0,0,0,0,0,6,53,93,96,87,74,67,62,64,64,72,77,82,80,81,81,84,84,86,84,88,86,81,67,64,72,86,88,93,93,94,90,89,86,90,93,97,96,98,99,106,111,119,123,132,135,138,135,137,138,141,137,137,133,138,139,143,139,139,127,115,99,92,86,83,77,80,81,87,87,89,87,92,95,106,108,106,93,85,79,86,97,112,124,133,133,137,134,137,136,138,134,133,129,131,130,129,127,131,134,140,139,140,134,135,137,144,141,140,138,140,139,141,138,139,138,141,135,135,134,136,135,140,138,135,128,130,132,136,136,140,136,135,133,135,134,137,134,135,134,135,133,134,132,131,127,130,133,141,129,80,25,1,0,0,0,0,0,0,0,0,0,0
"70",0,0,0,0,0,0,0,0,0,0,0,0,0,0,0,0,0,0,0,0,0,0,0,0,0,0,0,0,0,0,0,0,0,0,0,0,0,0,0,0,0,0,0,0,0,0,0,0,0,0,0,0,0,0,14,60,93,93,82,68,65,59,60,62,69,73,80,83,89,87,89,88,89,85,84,78,73,67,71,76,84,82,80,76,82,86,88,82,86,88,94,96,101,101,107,111,115,119,128,137,145,139,139,138,144,142,141,134,134,135,138,136,138,134,127,113,103,93,90,82,80,76,79,80,86,87,92,97,107,112,113,103,95,83,80,83,97,109,124,130,135,134,137,137,138,130,130,128,131,129,132,134,136,132,135,136,138,136,136,128,132,138,139,133,138,136,137,138,141,135,135,135,139,138,141,140,144,141,138,133,136,132,132,133,138,134,138,137,139,137,139,134,135,133,135,133,136,136,136,130,128,126,133,137,117,51,10,0,0,0,0,0,0,0,0,0,0,0
"71",0,0,0,0,0,0,0,0,0,0,0,0,0,0,0,0,0,0,0,0,0,0,0,0,0,0,0,0,0,0,0,0,0,0,0,0,0,0,0,0,0,0,0,0,0,0,0,0,0,0,0,0,0,25,74,100,92,77,63,62,61,64,63,68,73,80,81,86,86,90,91,95,94,92,79,71,63,65,70,82,81,79,72,73,76,82,78,76,79,87,92,102,107,113,111,113,113,122,131,142,143,142,139,142,141,144,141,140,137,138,136,137,134,130,115,110,98,93,88,85,80,80,78,83,87,96,101,110,112,115,108,99,89,84,81,89,98,112,122,132,133,137,136,139,135,133,129,131,129,133,133,139,137,138,135,138,136,136,132,132,130,137,136,139,138,138,133,138,137,135,132,135,135,138,137,143,142,139,134,135,134,135,130,135,135,136,135,140,139,141,137,135,134,139,138,140,140,142,137,133,127,129,132,137,93,35,2,0,0,0,0,0,0,0,0,0,0,0
"72",0,0,0,0,0,0,0,0,0,0,0,0,0,0,0,0,0,0,0,0,0,0,0,0,0,0,0,0,0,0,0,0,0,0,0,0,0,0,0,0,0,0,0,0,0,0,0,0,0,0,0,0,48,89,102,88,71,58,60,63,68,70,74,74,81,85,90,85,86,87,94,96,100,90,75,65,67,69,74,75,78,75,77,78,82,77,74,70,79,86,98,106,117,121,116,109,115,127,140,139,140,139,141,138,139,138,143,143,144,139,140,137,134,117,108,100,96,88,87,82,82,82,87,91,100,106,114,115,114,106,98,89,86,82,89,95,105,112,126,133,136,134,137,134,134,134,137,133,131,130,137,135,137,137,140,137,138,134,135,137,140,134,141,144,145,139,136,133,135,134,137,134,135,132,135,136,137,131,133,132,133,131,135,137,139,135,135,134,139,137,135,132,137,141,145,144,147,143,140,132,132,132,139,131,72,15,0,0,0,0,0,0,0,0,0,0,0,0
"73",0,0,0,0,0,0,0,0,0,0,0,0,0,0,0,0,0,0,0,0,0,0,0,0,0,0,0,0,0,0,0,0,0,0,0,0,0,0,0,0,0,0,0,0,0,0,0,0,0,0,7,56,92,103,89,76,63,60,61,67,70,77,78,82,80,84,86,89,88,93,95,96,84,74,63,68,75,83,84,87,87,88,85,87,82,80,76,80,86,100,108,115,113,116,119,125,128,135,138,141,138,139,134,134,130,135,138,144,144,147,142,140,125,116,100,96,89,87,83,82,77,87,98,109,112,117,114,111,100,92,84,83,82,87,90,98,107,122,128,134,132,133,131,132,129,133,133,135,133,135,132,130,128,136,136,137,136,138,138,141,139,138,140,145,139,140,141,145,141,137,132,135,133,135,133,136,134,132,131,134,128,130,134,140,137,134,127,128,129,132,130,135,136,142,141,143,140,141,139,140,138,144,144,123,57,12,0,0,0,0,0,0,0,0,0,0,0,0
"74",0,0,0,0,0,0,0,0,0,0,0,0,0,0,0,0,0,0,0,0,0,0,0,0,0,0,0,0,0,0,0,0,0,0,0,0,0,0,0,0,0,0,0,0,0,0,0,0,0,18,75,106,106,87,74,64,65,64,67,68,75,79,84,82,84,84,89,91,96,94,94,85,75,64,67,75,85,87,90,89,94,93,93,88,86,82,85,90,100,109,116,113,112,111,122,131,138,136,139,141,142,136,133,129,131,131,138,140,146,144,140,129,119,109,101,92,91,87,89,84,88,97,111,118,122,117,111,96,86,77,77,79,83,84,93,101,115,128,134,132,133,132,132,128,130,131,135,134,138,134,132,126,129,131,135,133,138,138,142,139,138,137,140,138,138,138,145,146,145,135,135,133,138,137,138,136,137,133,135,134,131,131,137,138,137,128,126,125,129,128,132,133,137,135,140,139,141,139,143,143,146,150,148,103,42,5,0,0,0,0,0,0,0,0,0,0,0,0
"75",0,0,0,0,0,0,0,0,0,0,0,0,0,0,0,0,0,0,0,0,0,0,0,0,0,0,0,0,0,0,0,0,0,0,0,0,0,0,0,0,0,0,0,0,0,0,0,0,18,73,101,104,88,76,66,67,67,70,70,74,76,83,82,83,84,91,94,97,94,95,86,80,74,77,81,89,87,86,80,83,86,92,90,89,86,91,94,102,108,114,113,113,112,117,122,129,131,136,136,142,141,137,132,133,132,135,135,142,140,136,122,118,108,106,102,98,94,96,95,102,107,114,117,119,115,113,99,86,73,72,74,79,78,82,90,109,124,134,133,135,134,137,134,134,132,137,138,139,135,134,130,132,131,133,132,136,135,139,138,135,132,138,135,136,136,139,137,139,137,137,135,138,137,140,139,140,136,138,137,138,135,139,139,139,132,128,128,132,132,135,133,134,130,133,138,144,143,144,142,146,146,154,139,75,17,0,0,0,0,0,0,0,0,0,0,0,0,0
"76",0,0,0,0,0,0,0,0,0,0,0,0,0,0,0,0,0,0,0,0,0,0,0,0,0,0,0,0,0,0,0,0,0,0,0,0,0,0,0,0,0,0,0,0,0,0,0,19,71,98,97,81,73,66,66,66,70,72,78,80,86,87,88,86,90,90,95,94,95,91,87,80,82,84,92,91,87,78,78,78,84,86,89,85,87,91,100,108,116,117,122,122,127,128,131,131,135,135,138,135,135,135,138,136,137,136,139,138,136,122,118,108,102,95,96,94,98,100,108,111,120,120,120,116,115,106,94,78,70,67,73,76,79,80,92,105,121,127,131,132,137,134,135,134,140,141,142,136,137,134,134,132,133,134,137,133,133,132,136,132,132,133,139,140,142,139,140,137,139,136,140,139,138,136,139,135,139,140,138,132,136,136,138,135,134,130,131,130,133,132,136,134,137,138,144,144,147,144,146,145,150,151,128,57,12,0,0,0,0,0,0,0,0,0,0,0,0,0
"77",0,0,0,0,0,0,0,0,0,0,0,0,0,0,0,0,0,0,0,0,0,0,0,0,0,0,0,0,0,0,0,0,0,0,0,0,0,0,0,0,0,0,0,0,0,0,21,78,102,98,77,67,62,65,64,69,69,77,81,89,91,92,90,94,92,92,91,94,93,93,89,90,89,93,94,94,86,81,77,81,81,86,86,88,88,97,104,114,119,126,129,137,137,137,134,136,136,138,132,129,126,134,137,140,136,138,138,136,127,119,111,106,98,93,88,94,100,109,116,122,120,117,114,115,109,101,85,76,69,71,72,77,77,84,91,103,110,122,127,133,132,132,129,135,140,144,138,135,133,138,136,135,133,138,138,136,130,132,133,135,132,135,139,145,141,142,142,144,139,139,137,140,137,138,133,135,135,140,134,133,133,136,133,135,134,135,130,129,129,133,133,138,141,146,145,146,144,145,142,145,146,146,103,42,5,0,0,0,0,0,0,0,0,0,0,0,0,0
"78",0,0,0,0,0,0,0,0,0,0,0,0,0,0,0,0,0,0,0,0,0,0,0,0,0,0,0,0,0,0,0,0,0,0,0,0,0,0,0,0,0,0,0,0,0,21,75,99,99,83,72,63,64,64,70,73,78,79,82,83,88,87,92,95,99,96,97,95,97,94,94,92,97,96,99,95,95,90,86,80,81,84,92,95,101,107,114,116,126,130,133,133,133,128,130,130,135,132,129,125,128,130,136,134,136,135,136,128,119,113,109,102,103,98,98,100,109,116,123,119,115,108,108,104,99,85,77,71,74,77,80,78,80,83,93,99,110,120,132,134,131,125,129,130,133,131,133,130,133,133,138,138,140,137,139,137,139,136,137,135,138,137,140,136,136,138,145,140,138,134,134,132,140,140,137,131,133,132,136,136,139,137,135,132,132,130,132,130,133,134,137,137,142,141,144,141,142,138,140,140,145,130,74,19,0,0,0,0,0,0,0,0,0,0,0,0,0,0
"79",0,0,0,0,0,0,0,0,0,0,0,0,0,0,0,0,0,0,0,0,0,0,0,0,0,0,0,0,0,0,0,0,0,0,0,0,0,0,0,0,0,0,0,0,19,77,101,96,79,72,67,68,66,69,72,81,83,85,84,86,86,90,92,98,99,101,98,99,97,97,95,96,95,98,95,98,96,98,90,85,84,90,95,102,108,117,121,127,129,135,134,133,130,131,130,133,130,127,122,125,127,133,135,138,134,132,122,119,112,111,108,108,107,110,110,117,120,124,122,118,112,110,105,104,94,82,73,74,75,80,78,79,80,87,91,100,108,122,128,134,131,130,128,132,131,132,132,135,134,137,136,140,136,133,130,133,135,138,135,139,139,143,140,139,135,139,140,141,137,137,131,134,137,140,132,131,130,133,132,136,134,137,135,135,133,134,133,136,136,138,137,140,138,140,140,141,137,138,136,139,136,113,50,10,0,0,0,0,0,0,0,0,0,0,0,0,0,0
"80",0,0,0,0,0,0,0,0,0,0,0,0,0,0,0,0,0,0,0,0,0,0,0,0,0,0,0,0,0,0,0,0,0,0,0,0,0,0,0,0,0,0,0,21,80,102,96,77,68,65,71,71,74,73,78,82,89,89,93,90,93,93,97,98,99,96,100,98,99,96,97,95,95,90,93,93,97,94,93,90,97,98,103,103,111,119,129,132,136,134,136,134,135,135,141,136,129,120,123,127,132,135,140,138,135,121,113,107,107,106,112,111,113,117,126,129,131,125,118,114,114,112,110,104,97,85,80,76,78,75,75,74,82,86,93,97,109,118,125,127,135,134,133,132,137,136,139,138,142,138,139,133,131,123,124,123,127,129,137,137,140,140,145,143,144,138,136,137,142,136,137,134,135,130,129,130,136,135,133,128,131,132,135,135,139,138,142,139,140,137,139,138,141,138,140,138,139,138,138,135,130,87,33,2,0,0,0,0,0,0,0,0,0,0,0,0,0,0
"81",0,0,0,0,0,0,0,0,0,0,0,0,0,0,0,0,0,0,0,0,0,0,0,0,0,0,0,0,0,0,0,0,0,0,0,0,0,0,0,0,0,0,17,74,98,97,81,73,67,71,72,78,79,82,82,86,86,90,90,95,96,99,97,97,94,97,96,101,100,99,96,96,91,93,92,94,92,96,94,99,105,112,110,111,110,115,121,131,132,134,133,137,136,138,134,132,124,127,131,138,139,141,138,135,124,117,107,105,103,110,110,115,120,127,128,132,129,127,121,117,111,109,104,101,90,85,81,84,83,82,77,79,82,90,94,101,108,118,122,130,132,135,132,133,131,133,134,138,138,140,137,136,131,129,127,128,125,129,130,137,136,138,136,139,135,134,132,136,136,138,136,137,134,136,135,138,136,136,130,129,131,136,135,133,131,137,137,140,137,137,134,139,140,142,137,138,138,144,141,141,125,67,14,0,0,0,0,0,0,0,0,0,0,0,0,0,0,0
"82",0,0,0,0,0,0,0,0,0,0,0,0,0,0,0,0,0,0,0,0,0,0,0,0,0,0,0,0,0,0,0,0,0,0,0,0,0,0,0,0,0,17,74,98,94,78,73,70,72,73,80,81,86,86,87,85,87,87,92,95,100,100,99,94,97,96,98,97,100,98,98,94,94,93,96,93,96,95,99,102,114,118,120,118,119,118,124,128,132,132,134,133,134,130,129,126,127,131,139,141,143,139,135,122,115,107,106,103,108,114,119,121,128,128,130,127,126,120,117,110,105,99,99,93,89,83,85,86,89,86,84,79,83,86,94,98,107,113,125,131,133,132,135,131,130,128,133,134,137,135,139,136,137,133,133,130,132,131,134,136,139,133,134,132,133,131,133,131,134,137,140,137,135,135,141,139,138,133,133,130,136,135,136,130,131,134,139,137,137,133,135,137,142,140,139,137,141,140,140,133,115,54,11,0,0,0,0,0,0,0,0,0,0,0,0,0,0,0
"83",0,0,0,0,0,0,0,0,0,0,0,0,0,0,0,0,0,0,0,0,0,0,0,0,0,0,0,0,0,0,0,0,0,0,0,0,0,0,0,0,16,75,101,98,81,73,70,73,73,77,79,86,87,89,86,89,87,91,93,99,99,101,98,100,99,100,96,96,93,96,96,99,98,98,95,100,99,100,99,107,114,124,127,131,130,133,132,134,132,135,133,130,124,124,122,128,130,135,134,138,136,134,122,113,102,100,99,107,115,124,126,129,128,131,128,128,118,114,108,103,94,93,89,90,86,86,82,85,85,89,84,82,79,83,86,94,99,112,123,134,134,135,132,133,130,130,132,136,132,133,133,137,136,136,131,132,135,139,137,142,139,137,134,137,135,135,131,131,132,140,141,140,132,132,135,138,136,135,132,134,136,136,132,135,135,136,137,141,135,136,135,139,140,143,139,139,135,132,124,116,91,42,4,0,0,0,0,0,0,0,0,0,0,0,0,0,0,0
"84",0,0,0,0,0,0,0,0,0,0,0,0,0,0,0,0,0,0,0,0,0,0,0,0,0,0,0,0,0,0,0,0,0,0,0,0,0,0,0,9,69,98,100,84,76,70,74,74,77,77,82,84,88,87,92,92,95,95,100,100,101,98,100,97,98,96,97,93,94,93,97,97,100,97,100,100,103,98,101,107,116,122,130,133,138,136,135,132,133,131,133,125,121,119,126,130,138,138,139,133,131,122,114,104,103,103,110,117,125,127,129,128,129,127,130,129,127,116,113,101,94,88,87,80,77,73,77,79,83,84,86,84,84,80,84,88,97,107,120,126,132,133,135,132,133,132,136,135,137,132,132,131,136,134,134,130,135,135,138,138,139,136,137,135,139,135,135,133,139,141,144,137,134,130,135,135,136,132,133,131,137,132,130,131,137,135,137,134,134,134,139,140,143,140,140,134,129,117,114,105,78,29,2,0,0,0,0,0,0,0,0,0,0,0,0,0,0,0
"85",0,0,0,0,0,0,0,0,0,0,0,0,0,0,0,0,0,0,0,0,0,0,0,0,0,0,0,0,0,0,0,0,0,0,0,0,0,0,5,69,98,95,80,75,71,75,77,80,79,83,84,88,86,90,93,97,95,96,92,94,94,97,96,96,92,94,93,96,94,95,94,98,97,101,99,101,99,100,102,112,119,128,130,135,134,135,132,132,129,131,128,125,120,124,127,136,139,144,139,133,122,114,103,101,104,114,120,128,128,127,124,128,125,128,128,131,127,126,114,106,93,90,84,79,68,68,72,80,81,83,84,89,87,86,82,88,95,107,112,121,125,132,133,133,130,135,135,138,137,137,130,133,133,136,133,134,130,133,134,135,132,135,133,137,138,140,136,139,140,144,140,137,132,134,133,137,134,133,131,135,134,134,130,131,132,138,133,133,131,136,139,143,141,141,133,128,116,110,107,104,62,18,0,0,0,0,0,0,0,0,0,0,0,0,0,0,0,0
"86",0,0,0,0,0,0,0,0,0,0,0,0,0,0,0,0,0,0,0,0,0,0,0,0,0,0,0,0,0,0,0,0,0,0,0,0,0,6,68,94,94,79,72,67,72,77,84,84,87,87,93,93,94,90,92,91,88,77,73,75,87,93,97,95,96,94,96,95,99,95,96,96,101,99,100,96,97,98,110,120,132,135,137,132,132,130,133,131,132,127,128,122,123,124,131,134,140,139,138,127,118,107,102,100,109,116,124,125,125,123,124,122,126,126,128,124,123,112,107,97,92,87,85,81,83,82,84,83,86,87,91,89,90,86,85,86,96,103,113,117,125,128,133,131,131,132,135,135,138,136,138,138,140,136,137,132,132,132,136,132,132,131,135,136,142,141,141,136,138,137,135,130,134,134,135,135,135,130,134,136,138,135,135,131,134,134,137,135,138,137,140,138,138,130,122,114,111,105,110,98,51,7,0,0,0,0,0,0,0,0,0,0,0,0,0,0,0,0
"87",0,0,0,0,0,0,0,0,0,0,0,0,0,0,0,0,0,0,0,0,0,0,0,0,0,0,0,0,0,0,0,0,0,0,0,0,1,68,100,98,80,72,68,71,73,82,86,91,88,89,90,95,95,96,92,87,73,67,64,76,85,94,95,98,96,97,94,97,96,98,96,98,98,100,98,101,104,112,119,132,136,140,136,135,131,132,132,134,128,128,126,128,127,131,132,136,132,131,123,117,108,106,106,114,119,125,124,126,123,123,120,123,121,123,115,117,114,114,105,101,97,97,95,99,98,100,94,96,96,103,101,98,93,91,86,87,90,99,107,119,124,130,128,129,127,129,130,135,133,138,137,140,138,138,135,137,135,138,136,135,132,135,135,139,140,141,136,138,135,135,131,133,134,137,135,138,134,133,133,139,137,137,133,134,132,136,135,138,138,140,139,141,135,128,115,112,106,108,112,97,42,7,0,0,0,0,0,0,0,0,0,0,0,0,0,0,0,0
"88",0,0,0,0,0,0,0,0,0,0,0,0,0,0,0,0,0,0,0,0,0,0,0,0,0,0,0,0,0,0,0,0,0,0,0,2,71,104,105,86,76,70,74,76,81,82,88,90,90,84,86,88,96,98,95,80,68,64,77,86,95,95,98,96,97,94,95,91,94,95,99,97,97,96,104,109,119,128,137,137,137,133,137,136,138,133,135,132,129,126,130,130,135,134,137,133,128,115,108,102,104,108,119,128,138,134,128,127,128,122,122,120,116,111,110,108,113,113,115,109,110,109,114,116,115,109,108,106,113,118,117,109,103,96,94,89,92,95,107,118,129,128,128,125,128,126,130,132,136,134,137,134,135,135,138,138,144,141,140,138,141,138,139,137,140,134,134,137,141,135,136,136,138,135,137,136,137,133,135,134,135,131,131,130,134,133,135,134,137,138,143,141,138,125,117,110,108,109,117,86,34,2,0,0,0,0,0,0,0,0,0,0,0,0,0,0,0,0
"89",0,0,0,0,0,0,0,0,0,0,0,0,0,0,0,0,0,0,0,0,0,0,0,0,0,0,0,0,0,0,0,0,0,0,0,62,96,100,85,78,75,79,80,83,82,83,83,90,92,94,92,94,93,89,76,66,64,76,85,94,94,96,94,96,92,93,91,95,95,96,95,98,100,108,111,117,123,131,134,139,136,139,139,139,136,137,134,134,129,130,130,137,136,135,131,130,121,110,99,104,112,126,129,133,132,132,129,135,134,129,123,118,114,111,106,111,115,121,122,122,114,115,114,121,121,122,116,117,118,123,119,116,109,108,106,108,108,114,120,127,127,128,126,131,131,132,130,134,133,135,133,134,134,139,139,141,140,141,139,141,139,142,139,139,138,139,136,139,136,137,137,140,135,135,133,135,133,135,135,136,130,129,128,133,133,134,133,135,134,140,140,139,130,118,111,110,109,119,115,74,18,0,0,0,0,0,0,0,0,0,0,0,0,0,0,0,0,0
"90",0,0,0,0,0,0,0,0,0,0,0,0,0,0,0,0,0,0,0,0,0,0,0,0,0,0,0,0,0,0,0,0,0,0,60,95,94,78,71,69,76,80,86,86,87,85,87,89,96,97,98,94,90,77,67,61,72,83,94,95,97,95,96,91,92,89,93,94,98,95,98,99,107,109,113,118,128,132,138,137,142,141,142,136,135,132,135,134,134,133,137,136,136,129,127,121,117,109,107,112,124,130,133,128,128,126,131,132,135,129,127,116,114,109,111,115,122,122,126,124,119,114,117,121,128,128,128,124,125,121,121,116,115,112,115,116,123,127,131,128,127,124,128,131,137,135,138,135,136,135,137,134,138,138,140,136,138,137,141,137,138,137,139,136,138,137,140,136,138,137,139,138,138,134,136,133,135,134,138,134,130,127,132,133,136,134,135,134,138,138,139,130,121,112,110,109,119,126,118,62,13,0,0,0,0,0,0,0,0,0,0,0,0,0,0,0,0,0
"91",0,0,0,0,0,0,0,0,0,0,0,0,0,0,0,0,0,0,0,0,0,0,0,0,0,0,0,0,0,0,0,0,0,58,92,96,82,72,66,69,71,80,83,90,93,96,93,95,93,96,92,91,81,75,70,77,83,93,96,100,99,100,95,94,90,92,92,96,96,100,102,108,106,105,106,120,131,141,141,143,140,141,137,135,129,130,130,136,136,139,138,136,130,129,118,114,112,117,121,127,126,127,125,126,125,129,128,125,121,128,120,118,111,113,117,123,123,125,122,119,115,116,119,128,128,131,130,132,127,123,118,119,114,113,111,116,121,128,127,126,121,124,126,133,135,141,140,142,139,142,142,143,139,139,133,132,133,140,140,138,131,132,132,136,132,134,134,139,139,139,136,138,137,140,140,139,135,135,134,135,132,135,137,138,136,140,136,136,136,139,133,123,113,110,109,118,126,135,112,54,8,0,0,0,0,0,0,0,0,0,0,0,0,0,0,0,0,0
"92",0,0,0,0,0,0,0,0,0,0,0,0,0,0,0,0,0,0,0,0,0,0,0,0,0,0,0,0,0,0,0,0,48,90,96,81,75,70,75,76,80,81,86,88,94,93,94,93,96,92,87,78,78,76,83,89,96,96,99,97,98,98,100,97,97,95,99,99,102,100,102,100,103,104,113,124,135,137,142,140,141,138,140,136,133,128,129,129,134,137,142,134,128,120,115,112,118,123,130,131,133,128,129,126,129,128,127,118,117,113,114,112,118,122,129,128,130,127,127,122,121,114,116,119,126,127,129,126,124,120,120,117,119,117,120,121,125,124,127,122,118,117,126,130,136,137,142,142,144,140,141,137,138,134,133,129,132,135,139,134,133,130,134,135,138,136,138,139,141,134,135,134,137,138,141,136,137,136,139,138,139,138,142,139,140,138,137,134,136,133,128,116,110,108,117,125,134,133,98,35,4,0,0,0,0,0,0,0,0,0,0,0,0,0,0,0,0,0
"93",0,0,0,0,0,0,0,0,0,0,0,0,0,0,0,0,0,0,0,0,0,0,0,0,0,0,0,0,0,0,0,48,89,92,78,70,68,75,80,84,85,88,87,89,88,91,90,94,92,89,78,76,78,88,93,99,97,99,95,95,93,96,98,104,101,102,102,106,104,102,96,98,102,115,127,136,137,139,137,141,139,140,138,139,135,133,128,130,130,137,137,132,120,115,111,117,125,130,128,133,133,135,131,131,130,127,120,117,111,105,104,114,121,130,132,133,130,131,128,129,124,118,113,115,118,123,122,122,119,123,121,122,120,126,128,130,126,127,123,121,114,117,123,133,135,138,138,143,140,140,134,135,132,134,132,132,130,134,135,136,134,137,136,139,140,143,139,142,138,135,132,136,133,137,137,135,133,141,141,142,138,141,140,142,137,137,133,135,132,131,118,112,108,114,123,134,137,128,68,15,0,0,0,0,0,0,0,0,0,0,0,0,0,0,0,0,0,0
"94",0,0,0,0,0,0,0,0,0,0,0,0,0,0,0,0,0,0,0,0,0,0,0,0,0,0,0,0,0,0,50,83,89,77,71,65,70,70,75,79,84,85,88,85,88,90,94,90,85,77,77,80,92,97,100,96,94,90,92,90,94,94,97,98,102,102,105,104,105,100,103,109,123,132,142,145,146,142,144,143,145,138,135,132,135,134,137,136,138,134,130,119,114,110,115,120,132,132,132,128,129,128,131,129,128,117,114,109,106,101,108,119,125,126,128,127,128,123,126,124,124,119,119,117,119,116,119,121,126,125,126,124,126,126,130,128,129,124,124,116,117,118,125,130,139,138,139,136,137,135,135,132,133,131,131,131,135,135,138,137,140,137,141,140,142,139,140,137,138,135,135,132,135,134,136,132,135,138,139,133,134,133,137,134,135,132,135,133,133,121,115,109,113,121,132,135,137,114,59,10,0,0,0,0,0,0,0,0,0,0,0,0,0,0,0,0,0,0
"95",0,0,0,0,0,0,0,0,0,0,0,0,0,0,0,0,0,0,0,0,0,0,0,0,0,0,0,0,0,46,86,88,74,68,64,69,70,74,74,79,82,87,86,87,87,94,94,91,83,82,83,92,96,100,99,98,94,94,91,93,92,94,94,98,96,97,92,96,99,108,114,128,138,147,146,148,145,145,143,145,141,139,131,131,131,135,136,140,138,133,123,116,111,115,117,128,130,134,131,131,128,128,123,118,112,112,110,112,109,111,115,124,123,123,121,123,121,122,121,125,124,125,122,122,118,120,119,124,125,128,127,129,126,129,127,129,127,130,127,127,120,119,120,128,131,135,133,135,133,137,136,137,133,134,131,133,134,137,135,138,134,133,133,139,139,141,139,140,136,138,134,135,134,135,130,132,131,138,132,130,128,132,132,133,131,134,133,134,128,116,109,111,118,129,135,140,132,104,45,8,0,0,0,0,0,0,0,0,0,0,0,0,0,0,0,0,0,0
"96",0,0,0,0,0,0,0,0,0,0,0,0,0,0,0,0,0,0,0,0,0,0,0,0,0,0,0,0,50,87,87,74,66,64,67,69,76,76,80,81,85,86,88,87,93,93,94,89,90,90,95,94,96,95,99,100,102,98,98,94,95,93,97,96,94,84,81,85,100,116,132,140,147,146,148,142,141,141,142,138,139,135,136,130,130,132,135,132,133,126,120,114,116,119,127,127,129,128,131,131,132,122,113,103,101,103,114,118,125,124,125,122,124,120,120,117,119,119,123,123,126,125,124,118,121,122,124,121,124,125,129,127,131,128,129,125,129,132,140,136,126,116,116,116,123,125,131,132,137,136,140,139,139,135,137,135,135,133,135,132,130,123,127,130,139,141,142,139,139,136,137,136,137,132,130,127,131,133,133,128,131,131,134,134,137,134,136,131,123,112,110,110,124,132,139,139,131,85,32,1,0,0,0,0,0,0,0,0,0,0,0,0,0,0,0,0,0,0
"97",0,0,0,0,0,0,0,0,0,0,0,0,0,0,0,0,0,0,0,0,0,0,0,0,0,0,0,39,80,90,77,70,66,66,65,71,73,80,82,86,85,88,88,92,93,96,91,88,87,92,93,93,87,87,86,91,92,96,96,99,98,99,95,94,86,85,86,98,110,128,134,140,137,140,139,142,141,144,140,139,136,137,135,135,134,140,136,132,123,116,111,114,118,129,131,136,133,131,125,122,115,110,104,106,109,114,116,124,127,131,128,127,122,122,118,121,119,122,121,122,115,116,111,110,109,116,121,126,124,125,122,126,126,128,124,128,128,134,130,127,112,108,106,113,122,133,134,138,136,138,135,137,136,139,138,141,135,135,132,131,125,128,131,138,138,139,133,134,133,137,135,136,134,135,130,132,131,138,134,132,130,132,131,137,137,135,130,122,114,108,105,118,127,136,138,141,121,65,12,0,0,0,0,0,0,0,0,0,0,0,0,0,0,0,0,0,0,0
"98",0,0,0,0,0,0,0,0,0,0,0,0,0,0,0,0,0,0,0,0,0,0,0,0,0,0,38,75,83,74,67,66,68,66,69,71,77,80,85,86,89,88,95,96,100,99,96,89,90,90,92,83,76,70,74,78,87,90,96,97,100,97,96,92,92,95,106,114,127,133,139,137,137,135,140,142,146,143,144,138,138,136,138,137,140,137,135,125,117,107,106,112,127,134,140,137,136,128,120,110,105,98,103,110,120,124,127,127,130,127,127,123,122,118,121,121,122,115,116,111,107,101,101,98,103,107,118,121,124,119,120,120,124,125,129,130,135,130,128,115,108,101,103,110,124,132,137,136,138,136,137,136,138,137,141,141,138,134,135,127,127,130,138,142,139,133,133,131,135,136,137,134,137,134,135,132,136,138,137,132,135,132,134,135,137,129,120,112,108,102,108,121,133,137,141,136,109,47,8,0,0,0,0,0,0,0,0,0,0,0,0,0,0,0,0,0,0,0
"99",0,0,0,0,0,0,0,0,0,0,0,0,0,0,0,0,0,0,0,0,0,0,0,0,3,55,79,81,70,65,62,65,66,70,71,76,80,85,84,87,88,94,95,101,103,105,100,97,92,92,86,76,60,57,63,78,85,92,92,95,93,93,93,100,106,118,125,134,135,140,141,144,142,144,143,146,145,147,143,141,137,140,139,144,140,133,122,117,110,108,106,121,133,143,139,134,128,124,113,107,100,100,104,116,121,130,134,134,126,122,118,121,117,118,118,121,114,112,102,100,95,95,94,98,100,108,111,114,114,117,118,120,120,128,133,137,134,132,126,121,111,106,104,112,118,126,128,134,135,138,139,141,138,137,137,141,138,138,132,128,125,132,136,140,134,135,137,141,139,140,136,138,136,135,131,134,135,137,134,135,134,135,131,132,127,119,110,106,102,106,111,126,133,141,139,132,88,32,0,0,0,0,0,0,0,0,0,0,0,0,0,0,0,0,0,0,0,0
"100",0,0,0,0,0,0,0,0,0,0,0,0,0,0,0,0,0,0,0,0,0,0,0,16,66,86,85,72,66,63,67,69,74,74,76,77,83,83,86,85,90,89,87,86,93,95,98,94,93,86,83,73,70,70,79,85,93,94,98,97,97,94,99,107,123,130,137,137,140,142,144,141,142,140,145,145,147,143,142,138,142,142,144,144,141,129,121,111,110,110,121,134,146,143,134,119,116,110,108,101,101,98,107,116,127,132,136,133,124,116,116,112,116,114,113,109,106,98,96,91,92,92,98,98,106,109,115,113,115,118,124,122,126,127,133,134,135,131,133,127,119,110,109,112,123,126,133,134,138,136,139,138,139,135,138,135,135,128,125,121,127,132,140,140,137,134,138,138,142,138,139,136,137,133,134,134,138,135,137,136,135,130,124,115,111,105,103,100,104,109,122,128,137,138,137,120,68,13,0,0,0,0,0,0,0,0,0,0,0,0,0,0,0,0,0,0,0,0
"101",0,0,0,0,0,0,0,0,0,0,0,0,0,0,0,0,0,0,0,0,0,0,32,75,85,80,69,67,64,68,71,77,78,81,79,80,81,85,85,89,86,83,73,72,77,87,89,92,88,86,79,81,84,92,94,96,96,99,100,101,97,101,107,120,130,138,135,137,138,144,141,139,136,140,141,146,144,142,136,140,142,146,142,142,135,130,118,111,107,116,130,146,147,138,120,109,104,104,101,105,106,109,113,124,130,136,132,132,127,120,116,115,112,112,105,100,92,90,86,90,90,97,100,105,108,116,117,120,120,125,126,129,128,130,127,129,130,134,132,131,121,116,113,119,125,132,134,138,135,137,133,136,136,139,136,135,129,124,116,119,124,135,139,143,137,135,133,136,136,138,135,137,134,135,133,137,136,137,135,134,128,119,110,102,96,100,99,104,107,121,128,135,134,136,132,109,53,10,0,0,0,0,0,0,0,0,0,0,0,0,0,0,0,0,0,0,0,0
"102",0,0,0,0,0,0,0,0,0,0,0,0,0,0,0,0,0,0,0,0,0,38,74,78,74,66,67,66,71,71,74,76,83,80,83,82,85,86,91,90,87,75,69,68,80,87,92,89,90,86,87,86,90,92,95,93,96,95,97,94,98,103,119,128,136,135,136,137,142,140,140,137,140,141,145,144,145,140,140,139,142,138,135,130,128,121,116,108,108,113,130,140,139,121,112,105,108,105,105,110,124,131,138,138,138,135,137,132,131,126,125,116,114,106,102,95,90,84,84,86,93,97,105,108,114,116,119,119,126,125,128,127,128,125,128,124,127,125,126,123,119,115,118,121,129,130,133,132,135,133,134,133,137,137,140,137,135,126,122,122,128,129,136,136,135,130,133,131,133,131,134,134,135,134,136,134,135,130,128,117,112,102,101,99,102,103,107,108,119,127,136,135,135,131,124,82,32,1,0,0,0,0,0,0,0,0,0,0,0,0,0,0,0,0,0,0,0,0
"103",0,0,0,0,0,0,0,0,0,0,0,0,0,0,0,0,0,0,0,1,54,84,79,69,59,61,64,72,73,75,73,77,78,83,80,83,84,90,93,94,84,79,74,79,84,90,89,89,86,87,86,89,89,93,93,96,94,95,94,100,106,120,128,137,136,137,136,140,138,138,136,141,143,147,145,144,142,144,143,144,136,132,124,121,116,116,111,111,110,118,125,131,124,116,109,112,110,112,112,127,138,151,149,146,137,135,130,130,127,128,128,130,125,119,112,108,100,95,89,91,92,97,101,109,110,114,115,123,125,128,125,126,122,124,124,125,123,126,123,123,119,121,121,129,132,138,135,135,133,135,133,136,135,138,137,138,132,129,122,124,123,127,129,133,129,128,125,127,124,126,126,129,130,133,130,132,128,123,115,110,101,101,99,106,111,116,117,123,125,133,133,134,129,129,110,58,9,0,0,0,0,0,0,0,0,0,0,0,0,0,0,0,0,0,0,0,0,0
"104",0,0,0,0,0,0,0,0,0,0,0,0,0,0,0,0,0,0,0,46,79,77,66,58,59,60,68,72,75,74,75,73,78,79,81,80,85,89,95,90,86,83,87,88,89,85,87,84,84,80,82,83,89,91,97,97,99,95,100,110,128,134,139,135,139,139,140,136,136,132,137,139,146,146,145,140,142,143,148,144,137,124,119,112,113,112,113,112,116,120,124,118,117,115,119,116,113,114,128,139,152,155,155,148,146,141,143,142,146,147,155,159,160,152,147,134,127,114,109,101,99,95,100,102,106,108,116,121,125,125,126,122,122,120,123,122,127,128,130,126,126,125,128,130,139,142,144,139,138,135,138,136,137,133,135,133,130,124,124,119,121,123,128,126,126,118,117,115,119,117,116,116,124,124,127,126,126,121,117,110,112,109,110,115,125,127,130,130,134,130,129,124,124,116,92,37,5,0,0,0,0,0,0,0,0,0,0,0,0,0,0,0,0,0,0,0,0,0
"105",0,0,0,0,0,0,0,0,0,0,0,0,0,0,0,0,0,0,28,75,81,73,61,62,63,65,66,71,72,74,74,77,79,84,85,89,88,89,85,86,84,87,86,89,89,90,86,84,77,72,72,80,85,90,92,98,100,107,112,124,130,134,131,133,134,139,139,139,134,133,132,138,140,143,139,141,140,145,146,146,137,129,118,115,111,113,110,110,107,112,113,119,120,125,124,124,118,122,128,140,148,156,157,160,167,188,208,231,240,244,243,243,232,218,200,185,169,154,140,131,117,113,107,108,108,113,113,119,121,126,125,125,123,124,124,129,129,132,128,129,126,127,124,129,130,135,135,139,136,135,132,136,134,133,132,135,131,131,126,124,120,121,119,119,114,114,111,111,108,109,105,108,109,116,120,128,131,139,140,142,138,137,133,132,128,131,130,132,128,127,116,115,112,105,58,12,0,0,0,0,0,0,0,0,0,0,0,0,0,0,0,0,0,0,0,0,0,0
"106",0,0,0,0,0,0,0,0,0,0,0,0,0,0,0,0,0,29,70,79,73,61,61,62,68,67,69,68,72,73,78,78,83,85,92,90,86,78,76,78,86,88,89,87,90,89,91,84,80,73,75,78,87,90,97,104,113,118,127,128,131,129,130,129,133,134,138,137,138,135,136,135,138,135,137,136,141,140,145,144,139,127,120,115,115,112,112,107,107,108,114,122,131,133,132,124,122,119,128,143,166,190,213,228,241,242,245,244,246,244,246,244,246,242,233,213,192,169,153,137,129,119,116,111,114,113,118,118,122,124,127,124,127,126,131,133,135,129,128,127,128,125,126,126,129,128,135,136,138,135,135,135,138,134,137,135,137,133,133,127,127,121,118,112,110,107,110,106,104,99,99,97,101,108,121,134,151,163,176,177,173,165,156,141,134,128,129,127,126,117,115,111,113,92,45,4,0,0,0,0,0,0,0,0,0,0,0,0,0,0,0,0,0,0,0,0,0,0
"107",0,0,0,0,0,0,0,0,0,0,0,0,0,0,0,2,45,73,74,67,58,58,58,64,67,74,72,70,71,76,79,84,85,90,90,86,73,68,67,78,86,92,92,92,89,91,89,90,86,87,85,88,89,99,110,124,129,134,129,129,128,131,131,133,131,133,131,136,138,142,140,138,134,134,132,135,134,137,138,141,131,125,116,117,115,114,109,112,113,119,120,130,136,142,133,128,125,130,142,176,216,237,240,245,244,246,244,246,244,246,244,247,244,244,231,210,180,156,131,121,116,118,114,115,112,116,120,124,122,124,124,126,126,131,134,138,134,132,126,126,126,130,129,133,133,137,137,140,138,142,142,144,142,144,140,141,138,138,134,135,132,130,121,115,108,109,109,108,99,95,91,94,96,108,124,151,174,194,204,210,203,189,168,152,137,132,125,126,124,117,114,119,114,80,20,0,0,0,0,0,0,0,0,0,0,0,0,0,0,0,0,0,0,0,0,0,0,0
"108",0,0,0,0,0,0,0,0,0,0,0,0,0,0,20,60,82,78,70,59,59,61,67,67,71,69,70,68,71,73,80,86,95,94,90,78,73,70,76,80,87,86,90,88,90,86,88,86,89,85,84,84,96,109,126,132,136,133,132,128,128,126,129,130,132,129,131,131,137,137,139,136,138,137,139,136,135,132,133,129,124,115,114,114,115,109,108,107,113,115,120,123,130,129,129,131,155,192,229,238,244,243,246,244,247,244,247,244,246,244,246,244,244,232,213,184,160,137,122,112,111,107,110,111,116,118,122,119,122,122,125,124,127,127,131,130,132,128,128,126,129,130,135,134,139,139,140,138,142,144,148,144,146,143,143,139,140,136,137,136,137,130,128,121,117,114,117,109,102,93,91,89,96,108,130,157,190,211,229,233,229,211,191,164,147,133,129,125,127,124,125,124,110,59,12,0,0,0,0,0,0,0,0,0,0,0,0,0,0,0,0,0,0,0,0,0,0,0
"109",0,0,0,0,0,0,0,0,0,0,0,0,0,28,68,81,73,67,60,62,63,70,74,76,69,69,68,74,72,76,80,89,94,97,84,78,73,80,82,83,80,82,81,85,84,84,82,86,85,85,82,90,102,121,130,134,130,130,130,131,126,125,124,130,131,133,130,133,132,134,132,137,138,144,143,142,135,135,127,121,112,111,110,114,109,106,101,104,106,112,113,120,120,128,146,183,223,239,242,245,244,246,244,246,244,247,244,247,244,246,244,244,234,215,185,162,138,125,117,114,107,106,104,111,115,118,114,116,118,125,126,128,125,127,124,126,125,129,128,130,127,129,131,137,137,140,138,140,140,145,145,147,143,144,139,139,136,138,136,137,134,133,130,130,125,126,123,116,105,100,92,91,94,110,127,158,186,217,234,242,239,228,204,179,153,138,129,129,128,131,132,125,84,31,0,0,0,0,0,0,0,0,0,0,0,0,0,0,0,0,0,0,0,0,0,0,0,0
"110",0,0,0,0,0,0,0,0,0,0,0,0,28,61,76,71,67,63,64,63,69,72,76,73,74,71,78,81,85,85,83,82,85,84,84,81,80,78,78,74,76,76,80,82,85,83,83,82,90,94,104,110,119,124,128,127,129,127,129,127,128,125,129,129,133,133,138,138,139,134,135,133,138,140,143,140,139,133,127,114,109,108,113,111,107,98,99,100,108,112,119,124,137,161,219,234,242,242,246,244,247,244,246,245,246,244,247,244,246,243,236,222,212,192,172,146,128,117,114,111,112,111,113,110,112,111,114,116,124,125,129,129,132,128,128,127,130,131,132,127,126,122,125,127,133,135,140,139,143,143,146,144,146,141,140,137,139,138,139,132,133,133,134,131,131,129,129,121,113,104,98,94,99,105,122,143,175,200,223,234,237,224,205,177,157,138,132,130,132,133,136,112,58,9,0,0,0,0,0,0,0,0,0,0,0,0,0,0,0,0,0,0,0,0,0,0,0,0
"111",0,0,0,0,0,0,0,0,0,0,11,49,68,75,68,64,61,66,69,73,72,75,72,75,76,80,82,87,87,86,82,81,78,83,85,87,81,77,71,70,69,73,74,78,79,83,84,92,97,108,118,127,129,131,128,129,127,129,128,130,128,130,127,128,128,133,136,140,137,136,133,135,135,139,138,142,140,138,125,115,107,110,112,111,100,95,94,99,104,112,123,159,208,234,239,244,243,246,244,246,244,246,244,246,245,247,244,246,243,234,219,209,193,181,158,142,123,118,112,113,111,113,112,114,111,114,114,121,124,128,128,133,133,135,132,134,132,134,130,129,127,126,122,126,127,132,135,140,141,144,142,145,143,142,138,140,138,140,137,133,130,135,133,133,131,133,129,129,120,113,105,104,103,108,113,132,152,177,196,212,214,211,193,174,153,139,131,132,131,137,125,80,16,0,0,0,0,0,0,0,0,0,0,0,0,0,0,0,0,0,0,0,0,0,0,0,0,0
"112",0,0,0,0,0,0,0,0,0,37,74,80,76,66,65,62,64,69,77,77,78,73,73,74,81,84,86,82,83,80,81,82,85,86,90,86,83,75,72,69,71,69,71,69,73,79,90,99,112,119,127,129,136,136,135,131,131,129,131,129,131,127,126,123,126,127,132,133,134,131,134,135,137,134,138,140,143,136,128,114,112,108,109,104,99,89,94,99,112,124,158,214,236,240,244,243,246,244,247,244,247,245,247,245,247,244,247,243,238,229,221,208,190,166,149,134,127,120,119,113,113,112,115,113,119,121,123,121,124,126,130,130,134,135,140,138,137,131,132,131,134,131,130,127,129,128,134,137,141,141,143,142,144,140,143,142,142,139,138,133,133,131,133,131,133,132,134,130,129,120,115,110,111,110,115,119,135,151,168,178,188,184,180,160,147,135,132,128,130,128,101,40,6,0,0,0,0,0,2,0,0,0,0,0,0,0,0,0,0,0,0,0,0,0,0,0,0,0
"113",0,0,0,0,0,0,0,0,31,71,81,77,66,64,60,65,67,72,71,74,72,75,75,78,80,84,85,85,82,85,85,88,87,89,86,87,82,81,76,78,75,74,66,66,67,78,92,109,121,129,128,131,129,133,135,140,139,139,133,131,127,128,128,132,129,131,128,129,126,129,129,135,133,137,136,138,135,133,122,113,106,107,104,102,95,96,96,112,139,201,228,240,242,245,244,246,244,246,242,246,244,247,245,247,245,247,245,247,244,245,235,217,186,162,138,123,117,119,118,119,117,119,117,121,122,127,125,126,122,123,122,128,128,134,136,140,136,136,133,135,133,135,133,135,135,138,137,140,137,139,139,142,140,144,144,148,148,147,140,141,137,136,133,135,132,132,130,133,128,124,116,115,112,112,108,113,119,131,140,152,157,162,155,147,136,131,124,125,125,108,59,11,0,0,0,0,0,0,0,0,0,0,0,0,0,0,0,0,0,0,0,0,0,0,0,0,0,0
"114",0,0,0,0,0,0,0,0,44,70,71,62,60,58,61,64,69,69,71,70,73,74,79,78,80,81,84,80,83,84,91,90,90,84,85,81,83,82,83,82,82,75,69,64,73,84,102,118,130,130,133,129,131,130,136,138,141,136,134,127,126,124,129,130,134,130,129,127,129,128,132,132,137,137,140,135,131,122,115,106,103,100,101,96,96,100,121,160,216,234,241,242,246,244,246,244,246,245,247,244,247,244,247,245,247,245,247,244,246,244,240,212,187,158,139,120,117,114,117,118,121,120,122,119,122,120,123,121,122,118,120,120,126,127,132,133,137,135,139,136,135,132,137,137,141,140,142,139,138,137,141,141,144,143,147,148,152,147,146,143,144,139,139,136,135,130,131,127,126,119,118,114,113,108,107,108,115,118,126,130,140,141,141,133,131,126,123,121,110,65,13,0,0,0,0,0,0,0,0,0,0,0,0,0,0,0,0,0,0,0,0,0,0,0,0,0,0,0
"115",0,0,0,0,0,0,0,0,30,63,67,63,58,61,62,66,66,72,74,78,76,77,75,79,80,83,77,77,77,85,89,91,84,84,78,78,76,80,81,84,81,80,72,76,86,103,118,129,130,133,131,135,134,134,132,134,130,130,126,126,123,124,122,126,126,129,129,134,134,136,134,137,135,141,140,138,125,115,105,103,98,98,95,96,100,123,172,221,235,242,242,245,244,246,244,246,244,246,244,247,244,247,244,247,244,246,244,247,244,244,225,201,176,156,138,130,118,117,114,115,114,119,117,116,111,112,112,115,116,120,118,119,120,125,124,129,131,138,138,140,134,134,134,138,136,140,138,140,138,142,144,147,145,147,146,148,146,147,144,146,145,148,145,144,139,135,126,123,116,116,115,115,109,109,108,113,113,121,122,127,129,135,135,137,133,131,126,113,74,19,0,0,0,0,0,0,0,0,0,0,0,0,0,0,0,0,0,0,0,0,0,0,0,0,0,0,0,0
"116",0,0,0,0,0,0,0,0,15,50,67,64,65,63,68,70,75,76,79,78,83,81,80,77,78,77,78,77,82,85,90,87,84,80,80,75,75,75,80,81,87,89,96,100,110,119,128,131,135,131,134,131,133,132,133,130,131,128,129,128,129,127,129,127,129,127,129,129,132,128,129,128,130,130,132,126,119,111,107,102,100,93,94,99,129,185,225,236,243,243,246,244,246,243,246,244,247,244,246,245,247,244,246,244,246,245,247,244,246,239,215,185,163,147,139,132,128,118,118,114,116,117,119,115,114,109,109,107,110,110,114,116,121,121,125,125,131,135,140,137,136,134,138,137,141,143,145,144,147,148,153,150,151,148,149,146,146,145,148,147,153,156,160,154,148,136,128,121,120,115,117,114,112,109,114,114,119,119,125,127,131,131,139,146,155,149,131,84,30,0,0,0,0,0,0,0,0,0,0,0,0,0,0,0,0,0,0,0,0,0,0,0,0,0,0,0,0,0
"117",0,0,0,0,0,0,0,0,3,46,65,70,68,70,72,78,79,82,80,82,85,88,82,78,72,75,77,82,84,87,82,85,82,82,79,78,74,75,76,82,88,101,113,125,127,130,129,133,133,135,130,129,128,132,131,133,131,133,131,133,131,135,134,134,131,130,126,126,122,125,124,126,124,124,119,117,113,115,111,108,98,96,97,123,178,222,236,242,243,246,244,241,235,242,243,246,244,247,244,247,245,247,245,247,244,247,244,246,243,232,198,168,141,124,115,112,104,101,97,99,98,102,103,108,108,108,102,101,99,102,106,115,118,122,122,127,128,135,137,137,135,138,137,141,142,148,148,151,151,156,155,156,152,153,149,151,148,150,149,155,160,170,173,171,157,145,130,126,122,120,116,116,113,116,116,119,118,121,125,133,132,140,150,170,176,165,120,53,7,0,0,0,0,0,0,0,0,0,0,0,0,0,0,0,0,0,0,0,0,0,0,0,0,0,0,0,0,0
"118",0,0,0,0,0,0,0,0,9,45,69,72,76,75,78,78,82,82,85,85,86,81,78,70,70,71,77,80,83,81,80,77,80,82,86,81,81,76,79,85,97,106,119,123,129,128,130,129,133,132,132,128,131,130,133,131,132,129,131,129,134,134,136,132,132,128,127,122,124,127,135,137,137,128,124,116,116,115,116,108,99,97,123,180,223,236,242,242,246,244,246,234,234,236,242,243,246,244,246,245,246,244,246,244,247,244,246,240,215,181,155,125,97,66,45,28,22,17,21,25,33,40,50,60,74,80,85,84,88,92,101,108,116,116,119,119,127,131,136,136,140,139,140,136,137,138,144,144,149,147,149,147,150,149,151,152,159,159,160,164,177,186,193,187,175,155,143,129,122,118,120,118,116,114,118,117,121,123,131,134,145,162,193,210,200,141,63,9,0,0,0,0,0,0,0,0,0,0,0,0,0,0,0,0,0,0,0,0,0,0,0,0,0,0,0,0,0,0
"119",0,0,0,0,0,0,0,0,8,49,70,77,78,80,76,79,79,85,89,92,87,84,77,77,75,80,80,83,81,81,77,79,80,86,87,88,82,85,87,99,108,120,123,128,128,131,128,130,129,130,128,130,127,130,129,131,128,129,128,131,131,134,131,130,126,126,123,125,127,133,137,140,135,133,126,123,118,118,113,108,105,130,187,225,236,243,242,246,244,246,238,232,228,234,236,244,243,247,244,247,245,246,244,246,244,246,228,193,144,104,67,40,7,0,0,0,0,0,0,0,0,0,0,0,0,1,0,3,10,27,43,62,76,90,98,109,118,128,131,137,138,142,137,135,130,134,138,144,145,147,144,148,148,151,151,159,164,170,171,178,188,201,207,208,192,177,155,139,123,118,115,117,113,116,115,118,118,128,134,151,177,218,234,236,182,89,18,0,0,0,0,0,0,0,0,0,0,0,0,0,0,0,0,0,0,0,0,0,0,0,0,0,0,0,0,0,0,0
"120",0,0,0,0,0,0,0,0,2,44,74,78,80,75,76,76,82,85,92,94,94,90,88,86,90,89,91,86,85,80,83,82,86,87,90,87,91,94,103,116,128,131,135,133,136,132,131,127,128,125,128,124,126,124,128,128,130,128,131,131,133,130,129,125,124,121,124,127,133,133,132,126,128,127,128,123,119,111,109,110,135,193,228,237,243,243,246,244,243,236,231,221,222,229,241,243,246,244,247,245,247,245,246,244,238,193,145,95,45,4,0,0,0,0,0,0,0,0,0,0,0,0,0,0,0,0,0,0,0,0,0,0,0,22,51,75,96,107,119,125,134,136,136,130,131,133,141,144,148,149,153,151,153,153,159,161,169,175,184,186,196,206,220,223,220,200,178,152,135,120,114,111,112,111,115,113,117,128,147,182,226,237,242,227,136,32,4,0,0,0,0,0,0,0,0,0,0,0,0,0,0,0,0,0,0,0,0,0,0,0,0,0,0,0,0,0,0,0
"121",0,0,0,0,0,0,0,0,0,26,58,75,77,80,78,82,82,87,87,91,89,90,86,88,88,86,83,84,81,82,81,82,81,84,86,93,98,107,116,126,131,135,133,132,130,133,132,133,130,131,128,131,130,133,133,135,132,133,130,132,131,134,131,133,130,132,129,133,133,133,128,129,129,129,121,113,103,100,105,135,194,228,238,244,243,246,244,240,232,231,226,229,231,242,243,247,245,247,245,247,245,246,242,207,147,88,26,1,0,0,0,0,0,0,0,0,0,0,0,0,0,0,0,0,0,0,0,0,0,0,0,0,0,0,0,1,25,53,76,99,113,127,128,130,128,130,131,138,142,146,147,153,153,157,160,167,170,178,183,192,198,215,227,240,240,232,208,184,155,134,116,111,109,110,107,110,115,139,183,226,237,243,239,199,85,20,0,0,0,0,0,0,0,0,0,0,0,0,0,0,0,0,0,0,0,0,0,0,0,0,0,0,0,0,0,0,0,0
"122",0,0,0,0,0,0,0,0,0,0,40,65,78,80,84,85,87,85,87,84,84,81,81,79,81,79,82,80,83,82,83,80,81,82,92,101,112,119,126,127,132,131,134,129,130,130,135,134,135,131,132,131,135,134,138,135,137,132,132,130,133,132,136,135,139,136,136,132,133,128,130,129,132,126,115,101,95,96,125,185,224,236,242,243,246,244,240,232,231,228,231,238,244,244,246,244,247,245,247,244,246,220,154,83,25,0,0,0,0,0,0,0,0,0,0,0,0,0,0,0,0,0,0,0,0,0,0,0,0,0,0,0,0,0,0,0,0,0,8,38,70,92,109,117,124,122,125,128,135,139,146,152,160,161,167,169,176,179,188,193,208,221,237,241,245,244,243,217,186,153,129,114,113,110,109,105,116,146,215,233,241,242,240,184,83,16,0,0,0,0,0,0,0,0,0,0,0,0,0,0,0,0,0,0,0,0,0,0,0,0,0,0,0,0,0,0,0,0
"123",0,0,0,0,0,0,0,0,0,0,17,55,72,82,85,88,87,90,87,85,79,77,72,73,74,81,83,88,86,88,86,87,88,93,101,118,126,130,129,131,130,134,134,137,133,133,131,133,131,132,129,131,129,131,130,134,132,133,130,131,129,131,130,134,134,137,133,131,126,128,124,126,123,119,109,102,99,119,171,218,234,242,242,245,244,242,230,227,224,229,237,244,243,247,244,247,245,247,244,246,185,106,24,2,0,0,0,0,0,0,0,0,0,0,0,0,0,0,0,0,0,0,0,0,0,0,0,0,0,0,0,0,0,0,0,0,0,0,0,0,3,35,65,91,105,116,119,125,128,140,148,159,164,171,174,179,180,189,195,206,216,233,240,244,243,246,244,246,216,181,149,132,122,121,114,107,110,143,212,235,239,244,240,207,121,36,3,0,0,0,0,0,0,0,0,0,0,0,0,0,0,0,0,0,0,0,0,0,0,0,0,0,0,0,0,0,0,0
"124",0,0,0,0,0,0,0,0,0,0,0,39,77,91,97,95,93,88,87,82,80,76,77,75,80,81,86,85,87,84,87,90,99,106,117,124,132,132,133,130,131,130,134,134,136,132,131,130,132,130,133,131,132,130,132,132,133,128,129,127,129,128,129,127,131,130,132,125,123,121,124,122,121,112,106,101,117,159,212,231,241,242,245,244,243,230,224,220,226,234,243,243,246,244,247,244,247,244,216,128,42,4,0,0,0,0,0,0,0,0,0,0,0,0,0,0,0,0,0,0,0,0,0,0,0,0,0,0,0,0,0,0,0,0,0,0,0,0,0,0,0,0,10,42,75,96,112,118,128,136,150,157,168,174,180,181,187,192,204,213,230,238,244,243,246,244,247,244,241,209,180,156,145,134,127,108,102,119,189,225,240,241,241,190,48,7,0,0,0,0,0,0,0,0,0,0,0,0,0,0,0,0,0,0,0,0,0,0,0,0,0,0,0,0,0,0,0,0
"125",0,0,0,0,0,0,0,0,0,0,0,19,66,98,104,102,92,86,81,82,79,82,82,86,83,84,81,82,79,82,84,97,108,122,124,127,128,133,132,132,129,129,129,133,133,134,130,132,133,136,134,135,132,135,133,135,131,130,125,127,127,130,128,129,127,128,125,124,118,121,122,124,116,109,101,112,145,207,230,241,242,246,244,247,229,222,219,224,231,242,242,246,244,246,245,246,244,180,81,20,0,0,0,0,0,0,0,0,0,0,0,0,0,0,0,0,0,0,0,0,0,0,0,0,0,0,0,0,0,0,0,0,0,0,0,0,0,0,0,0,0,0,0,0,29,65,89,108,119,134,144,157,164,176,180,185,187,194,202,219,234,243,243,246,244,246,245,246,244,239,210,187,168,156,139,118,92,92,146,216,233,241,232,120,27,3,0,0,0,0,0,0,0,0,0,0,0,0,0,0,0,0,0,0,0,0,0,0,0,0,0,0,0,0,0,0,0,0
"126",0,0,0,0,0,0,0,0,0,0,0,0,29,70,90,89,84,77,76,76,81,83,87,82,81,77,78,77,81,85,96,105,119,125,131,128,129,129,134,133,134,130,132,133,138,138,139,135,135,132,133,130,130,128,131,130,132,131,133,132,135,131,133,132,133,127,124,121,126,127,129,119,112,101,108,133,194,224,238,241,245,244,246,234,224,221,227,235,243,243,246,244,247,244,247,243,145,37,7,0,0,0,0,0,0,0,0,0,0,0,0,0,0,0,0,0,0,0,0,0,0,0,0,0,0,0,0,0,0,0,0,0,0,0,0,0,0,0,0,0,0,0,0,0,0,12,50,81,107,122,139,152,167,175,185,187,192,193,204,216,236,240,245,243,246,244,246,244,246,244,237,208,188,172,161,133,96,71,124,206,232,231,108,24,2,0,0,0,0,0,0,0,0,0,0,0,0,0,0,0,0,0,0,0,0,0,0,0,0,0,0,0,0,0,0,0,0,0
"127",0,0,0,0,0,0,0,0,0,0,0,0,0,25,60,80,81,81,76,79,80,84,81,81,78,81,83,91,93,103,111,122,125,131,132,134,130,133,135,139,136,136,133,136,136,141,139,140,135,135,131,130,126,126,125,129,130,135,134,138,136,137,133,133,128,125,120,125,127,130,123,113,102,105,122,173,214,236,240,244,243,246,244,232,220,224,230,242,242,246,244,247,244,247,219,101,25,3,0,0,0,0,0,0,0,0,0,0,0,0,0,0,0,0,0,0,0,0,0,0,0,0,0,0,0,0,0,0,0,0,0,0,0,0,0,0,0,0,0,0,0,0,0,0,0,0,5,43,78,106,126,148,162,176,182,191,191,197,204,221,234,242,242,246,244,246,244,246,244,246,244,226,200,190,179,156,135,147,206,233,237,139,32,5,0,0,0,0,0,0,0,0,0,0,0,0,0,0,0,0,0,0,0,0,0,0,0,0,0,0,0,0,0,0,0,0,0,0
"128",0,0,0,0,0,0,0,0,0,0,0,0,0,0,23,58,80,85,85,80,81,78,79,79,86,92,102,108,119,124,129,128,132,131,135,135,138,136,139,138,140,138,138,134,137,136,140,137,138,135,135,131,129,124,128,128,132,132,136,134,138,135,134,125,119,116,122,125,128,122,112,100,101,115,158,207,232,239,244,243,246,244,240,227,224,225,240,242,246,244,247,244,247,198,71,16,0,0,0,0,0,0,0,0,0,0,0,0,0,0,0,0,0,0,0,0,0,0,0,0,0,0,0,0,0,0,0,0,0,0,0,0,0,0,0,0,0,0,0,0,0,0,0,0,0,0,0,2,41,77,108,131,152,166,178,184,192,197,209,224,239,241,245,244,246,244,246,245,247,244,247,230,212,204,208,201,227,238,244,241,65,14,0,0,0,0,0,0,0,0,0,0,0,0,0,0,0,0,0,0,0,0,0,0,0,0,0,0,0,0,0,0,0,0,0,0,0,0
"129",0,0,0,0,0,0,0,0,0,0,0,0,0,0,0,11,49,76,80,79,74,76,78,87,95,107,114,124,128,133,129,130,128,131,131,133,132,133,131,135,136,139,136,137,135,139,138,140,135,135,130,132,130,131,130,133,133,135,133,135,132,132,126,122,118,122,126,132,128,122,110,106,111,147,202,231,238,244,243,246,244,245,232,230,230,241,242,246,244,247,245,247,184,54,10,0,0,0,0,0,0,0,0,0,0,0,0,0,0,0,0,0,0,0,0,0,0,0,0,0,0,0,0,0,0,0,0,0,0,0,0,0,0,0,0,0,0,0,0,0,0,0,0,0,0,0,0,0,2,42,79,109,128,147,160,175,185,198,210,228,238,244,243,246,244,246,244,247,244,247,244,232,210,213,233,243,243,245,219,87,19,0,0,0,0,0,0,0,0,0,0,0,0,0,0,0,0,0,0,0,0,0,0,0,0,0,0,0,0,0,0,0,0,0,0,0,0,0
"130",0,0,0,0,0,0,0,0,0,0,0,0,0,0,0,0,0,31,61,70,77,80,91,99,110,117,125,128,132,130,130,127,129,128,130,128,132,129,130,131,137,137,139,136,139,138,142,139,138,131,130,130,135,133,135,134,136,134,135,133,133,126,122,118,122,126,132,131,128,116,112,114,136,181,221,234,243,243,246,244,246,242,236,237,244,244,246,245,247,244,247,169,50,9,0,0,0,0,0,0,0,0,0,0,0,0,0,0,0,0,0,0,0,0,0,0,0,0,0,0,0,0,0,0,0,0,0,0,0,0,0,0,0,0,0,0,0,0,0,0,0,0,0,0,0,0,0,0,0,5,44,77,103,121,142,159,177,190,209,222,238,240,245,244,246,244,246,245,246,244,247,230,240,242,246,244,246,236,90,20,1,0,0,0,0,0,0,0,0,0,0,0,0,0,0,0,0,0,0,0,0,0,0,0,0,0,0,0,0,0,0,0,0,0,0,0,0,0
"131",0,0,0,0,0,0,0,0,0,0,0,0,0,0,0,0,0,0,15,52,73,90,100,113,119,126,127,129,128,130,129,131,130,133,132,135,134,136,134,136,136,142,140,142,139,140,138,139,135,135,132,135,136,135,132,133,132,135,134,137,133,130,122,121,122,129,128,127,115,110,108,128,163,213,231,241,242,245,244,247,244,246,245,247,244,247,244,247,245,246,147,42,6,0,0,0,0,0,0,0,0,0,0,0,0,0,0,0,0,0,0,0,0,0,0,0,0,0,0,0,0,0,0,0,0,0,0,0,0,0,0,0,0,0,0,0,0,0,0,0,0,0,0,0,0,0,0,0,0,0,8,45,76,102,123,145,161,180,194,213,230,241,242,245,244,246,244,247,244,246,244,245,244,247,244,246,207,131,31,5,0,0,0,0,0,0,0,0,0,0,0,0,0,0,0,0,0,0,0,0,0,0,0,0,0,0,0,0,0,0,0,0,0,0,0,0,0,0
"132",0,0,0,0,0,0,0,0,0,0,0,0,0,0,0,0,0,0,0,0,16,54,90,113,129,132,135,131,132,129,132,131,135,135,139,137,138,136,137,135,138,140,144,140,140,136,138,137,141,137,135,130,132,130,131,129,133,133,135,133,131,125,122,119,126,127,128,119,114,109,122,149,195,225,239,241,245,244,246,244,246,244,247,245,247,244,247,245,247,128,35,4,0,0,0,0,0,0,0,0,0,0,0,0,0,0,0,0,0,0,0,0,0,0,0,0,0,0,0,0,0,0,0,0,0,0,0,0,0,0,0,0,0,0,0,0,0,0,0,0,0,0,0,0,0,0,0,0,0,0,0,12,52,84,112,128,146,160,178,195,218,234,242,242,246,244,246,244,247,244,247,244,247,244,246,203,122,60,12,0,0,0,0,0,0,0,0,0,0,0,0,0,0,0,0,0,0,0,0,0,0,0,0,0,0,0,0,0,0,0,0,0,0,0,0,0,0,0
"133",0,0,0,0,0,0,0,0,0,0,0,0,0,0,0,0,0,0,0,0,0,0,20,63,92,114,124,132,132,135,131,135,134,139,139,140,136,136,133,135,135,139,139,141,135,135,134,139,140,140,132,129,124,128,127,128,128,132,129,129,123,120,119,124,126,129,124,120,114,121,141,177,215,236,240,244,243,246,244,247,244,246,245,246,245,247,244,244,112,32,3,0,0,0,0,0,0,0,0,0,0,0,0,0,0,0,0,0,0,0,0,0,0,0,0,0,0,0,0,0,0,0,0,0,0,0,0,0,0,0,0,0,0,0,0,0,0,0,0,0,0,0,0,0,0,0,0,0,0,0,0,0,18,60,90,113,126,142,156,179,199,224,236,243,242,246,244,246,244,246,244,246,244,211,128,113,101,44,4,0,0,0,0,0,0,0,0,0,0,0,0,0,0,0,0,0,0,0,0,0,0,0,0,0,0,0,0,0,0,0,0,0,0,0,0,0,0,0
"134",0,0,0,0,0,0,0,0,0,0,0,0,0,0,0,0,0,0,0,0,0,0,0,0,0,31,72,101,123,130,136,136,137,136,138,136,138,134,136,135,138,136,139,136,136,132,132,130,133,132,134,130,130,127,128,126,128,123,124,119,119,119,125,127,130,126,124,115,118,132,162,196,226,237,243,243,246,244,247,244,247,244,247,245,246,244,240,108,30,2,0,0,0,0,0,0,0,0,0,0,0,0,0,0,0,0,0,0,0,0,0,0,0,0,0,0,0,0,0,0,0,0,0,0,0,0,0,0,0,0,0,0,0,0,0,0,0,0,0,0,0,0,0,0,0,0,0,0,0,0,0,0,0,21,64,93,113,127,145,163,188,209,233,240,244,243,246,244,247,244,246,244,199,144,108,104,80,15,0,0,0,0,0,0,0,0,0,0,0,0,0,0,0,0,0,0,0,0,0,0,0,0,0,0,0,0,0,0,0,0,0,0,0,0,0,0,0,0
"135",0,0,0,0,0,0,0,0,0,0,0,0,0,0,0,0,0,0,0,0,0,0,0,0,0,0,0,0,23,61,91,120,133,141,140,140,138,139,136,138,134,134,131,134,132,134,129,130,128,131,130,132,128,127,123,124,120,120,118,121,121,126,127,131,128,126,120,121,126,147,174,208,228,240,241,245,244,246,244,246,244,246,244,246,245,234,106,29,2,0,0,0,0,0,0,0,0,0,0,0,0,0,0,0,0,0,0,0,0,0,0,0,0,0,0,0,0,0,0,0,0,0,0,0,0,0,0,0,0,0,0,0,0,0,0,0,0,0,0,0,0,0,0,0,0,0,0,0,0,0,0,0,0,0,32,76,100,121,135,154,174,199,223,239,240,245,244,246,244,246,239,145,104,105,109,102,40,6,0,0,0,0,0,0,0,0,0,0,0,0,0,0,0,0,0,0,0,0,0,0,0,0,0,0,0,0,0,0,0,0,0,0,0,0,0,0,0,0
"136",0,0,0,0,0,0,0,0,0,0,0,0,0,0,0,0,0,0,0,0,0,0,0,0,0,0,0,0,0,0,12,56,94,119,132,135,139,137,138,136,135,129,128,127,132,132,133,129,130,128,128,123,123,120,120,116,117,117,122,124,130,131,131,127,128,124,125,126,140,158,184,205,228,237,243,243,246,244,246,244,247,244,247,245,219,88,24,0,0,0,0,0,0,0,0,0,0,0,0,0,0,0,0,0,0,0,0,0,0,0,0,0,0,0,0,0,0,0,0,0,0,0,0,0,0,0,0,0,0,0,0,0,0,0,0,0,0,0,0,0,0,0,0,0,0,0,0,0,0,0,0,0,0,0,9,53,93,115,132,146,169,191,226,237,243,242,246,244,246,191,144,123,117,111,102,68,14,0,0,0,0,0,0,0,0,0,0,0,0,0,0,0,0,0,0,0,0,0,0,0,0,0,0,0,0,0,0,0,0,0,0,0,0,0,0,0,0,0
"137",0,0,0,0,0,0,0,0,0,0,0,0,0,0,0,0,0,0,0,0,0,0,0,0,0,0,0,0,0,0,0,0,0,15,53,92,119,135,138,140,135,135,131,132,131,132,127,126,120,118,115,117,118,120,117,119,120,125,124,126,125,128,126,127,123,123,122,133,147,167,183,204,219,234,239,244,243,246,244,246,244,247,244,200,69,17,0,0,0,0,0,0,0,0,0,0,0,0,0,0,0,0,0,0,0,0,0,0,0,0,0,0,0,0,0,0,0,0,0,0,0,0,0,0,0,0,0,0,0,0,0,0,0,0,0,0,0,0,0,0,0,0,0,0,0,0,0,0,0,0,0,0,0,0,0,29,76,108,124,140,156,199,227,240,241,245,244,246,214,160,135,136,126,115,86,31,0,0,0,0,0,0,0,0,0,0,0,0,0,0,0,0,0,0,0,0,0,0,0,0,0,0,0,0,0,0,0,0,0,0,0,0,0,0,0,0,0,0
"138",0,0,0,0,0,0,0,0,0,0,0,0,0,0,0,0,0,0,0,0,0,0,0,0,0,0,0,0,0,0,0,0,0,0,0,0,32,63,88,102,116,121,125,122,122,119,117,113,112,109,113,116,124,124,126,125,130,130,131,126,126,123,125,123,123,120,127,137,155,169,185,196,211,222,235,239,244,243,246,244,247,244,191,60,14,0,0,0,0,0,0,0,0,0,0,0,0,0,0,0,0,0,0,0,0,0,0,0,0,0,0,0,0,0,0,0,0,0,0,0,0,0,0,0,0,0,0,0,0,0,0,0,0,0,0,0,0,0,0,0,0,0,0,0,0,0,0,0,0,0,0,0,0,0,0,5,57,93,121,150,205,229,240,241,245,243,221,191,185,175,169,153,135,112,70,12,0,0,0,0,0,0,0,0,0,0,0,0,0,0,0,0,0,0,0,0,0,0,0,0,0,0,0,0,0,0,0,0,0,0,0,0,0,0,0,0,0,0
"139",0,0,0,0,0,0,0,0,0,0,0,0,0,0,0,0,0,0,0,0,0,0,0,0,0,0,0,0,0,0,0,0,0,0,0,0,0,0,0,21,46,67,73,76,74,77,79,84,85,91,96,107,112,120,121,123,123,128,128,131,128,129,124,123,119,124,129,144,156,172,183,193,197,208,219,235,240,245,244,246,244,192,61,14,0,0,0,0,0,0,0,0,0,0,0,0,0,0,0,0,0,0,0,0,0,0,0,0,0,0,0,0,0,0,0,0,0,0,0,0,0,0,0,0,0,0,0,0,0,0,0,0,0,0,0,0,0,0,0,0,0,0,0,0,0,0,0,0,0,0,0,0,0,0,0,0,34,84,128,197,226,239,241,244,244,246,219,205,196,192,180,165,134,101,23,1,0,0,0,0,0,0,0,0,0,0,0,0,0,0,0,0,0,0,0,0,0,0,0,0,0,0,0,0,0,0,0,0,0,0,0,0,0,0,0,0,0,0
"140",0,0,0,0,0,0,0,0,0,0,0,0,0,0,0,0,0,0,0,0,0,0,0,0,0,0,0,0,0,0,0,0,0,0,0,0,0,0,0,0,0,0,0,0,0,0,0,0,0,0,0,0,2,14,31,43,62,80,100,114,126,130,133,128,125,125,135,144,160,170,179,182,189,195,215,232,242,242,245,244,196,71,18,0,0,0,0,0,0,0,0,0,0,0,0,0,0,0,0,0,0,0,0,0,0,0,0,0,0,0,0,0,0,0,0,0,0,0,0,0,0,0,0,0,0,0,0,0,0,0,0,0,0,0,0,0,0,0,0,0,0,0,0,0,0,0,0,0,0,0,0,0,0,0,0,0,31,127,203,228,240,241,244,239,223,215,222,216,209,202,205,195,155,38,7,0,0,0,0,0,0,0,0,0,0,0,0,0,0,0,0,0,0,0,0,0,0,0,0,0,0,0,0,0,0,0,0,0,0,0,0,0,0,0,0,0,0,0
"141",0,0,0,0,0,0,0,0,0,0,0,0,0,0,0,0,0,0,0,0,0,0,0,0,0,0,0,0,0,0,0,0,0,0,0,0,0,0,0,0,0,0,0,0,0,0,0,0,0,0,0,0,0,0,0,0,0,0,17,49,75,99,111,121,122,130,139,154,161,169,171,177,182,198,217,236,240,245,244,200,82,22,0,0,0,0,0,0,0,0,0,0,0,0,0,0,0,0,0,0,0,0,0,0,0,0,0,0,0,0,0,0,0,0,0,0,0,0,0,0,0,0,0,0,0,0,0,0,0,0,0,0,0,0,0,0,0,0,0,0,0,0,0,0,0,0,0,0,0,0,0,0,0,0,0,0,34,160,213,234,187,135,143,180,204,219,219,223,222,219,185,145,83,19,0,0,0,0,0,0,0,0,0,0,0,0,0,0,0,0,0,0,0,0,0,0,0,0,0,0,0,0,0,0,0,0,0,0,0,0,0,0,0,0,0,0,0,0
"142",0,0,0,0,0,0,0,0,0,0,0,0,0,0,0,0,0,0,0,0,0,0,0,0,0,0,0,0,0,0,0,0,0,0,0,0,0,0,0,0,0,0,0,0,0,0,0,0,0,0,0,0,0,0,0,0,0,0,0,0,0,3,33,64,97,127,155,164,169,165,170,176,192,207,231,239,244,243,198,89,25,0,0,0,0,0,0,0,0,0,0,0,0,0,0,0,0,0,0,0,0,0,0,0,0,0,0,0,0,0,0,0,0,0,0,0,0,0,0,0,0,0,0,0,0,0,0,0,0,0,0,0,0,0,0,0,0,0,0,0,0,0,0,0,0,0,0,0,0,0,0,0,0,0,0,0,48,85,94,86,76,73,111,155,192,207,218,231,242,242,68,15,0,0,0,0,0,0,0,0,0,0,0,0,0,0,0,0,0,0,0,0,0,0,0,0,0,0,0,0,0,0,0,0,0,0,0,0,0,0,0,0,0,0,0,0,0,0
"143",0,0,0,0,0,0,0,0,0,0,0,0,0,0,0,0,0,0,0,0,0,0,0,0,0,0,0,0,0,0,0,0,0,0,0,0,0,0,0,0,0,0,0,0,0,0,0,0,0,0,0,0,0,0,0,0,0,0,0,0,0,0,0,0,7,46,79,104,117,132,149,175,195,221,234,242,242,198,93,27,1,0,0,0,0,0,0,0,0,0,0,0,0,0,0,0,0,0,0,0,0,0,0,0,0,0,0,0,0,0,0,0,0,0,0,0,0,0,0,0,0,0,0,0,0,0,0,0,0,0,0,0,0,0,0,0,0,0,0,0,0,0,0,0,0,0,0,0,0,0,0,0,0,0,0,0,0,0,0,0,10,53,101,146,178,221,229,143,70,40,3,0,0,0,0,0,0,0,0,0,0,0,0,0,0,0,0,0,0,0,0,0,0,0,0,0,0,0,0,0,0,0,0,0,0,0,0,0,0,0,0,0,0,0,0,0,0,0
"144",0,0,0,0,0,0,0,0,0,0,0,0,0,0,0,0,0,0,0,0,0,0,0,0,0,0,0,0,0,0,0,0,0,0,0,0,0,0,0,0,0,0,0,0,0,0,0,0,0,0,0,0,0,0,0,0,0,0,0,0,0,0,0,0,0,0,0,0,17,57,105,150,188,217,235,234,193,96,29,1,0,0,0,0,0,0,0,0,0,0,0,0,0,0,0,0,0,0,0,0,0,0,0,0,0,0,0,0,0,0,0,0,0,0,0,0,0,0,0,0,0,0,0,0,0,0,0,0,0,0,0,0,0,0,0,0,0,0,0,0,0,0,0,0,0,0,0,0,0,0,0,0,0,0,0,0,0,0,0,0,2,38,87,129,170,217,198,56,12,0,0,0,0,0,0,0,0,0,0,0,0,0,0,0,0,0,0,0,0,0,0,0,0,0,0,0,0,0,0,0,0,0,0,0,0,0,0,0,0,0,0,0,0,0,0,0,0,0
"145",0,0,0,0,0,0,0,0,0,0,0,0,0,0,0,0,0,0,0,0,0,0,0,0,0,0,0,0,0,0,0,0,0,0,0,0,0,0,0,0,0,0,0,0,0,0,0,0,0,0,0,0,0,0,0,0,0,0,0,0,0,0,0,0,0,0,0,0,0,0,30,94,152,201,216,187,102,32,2,0,0,0,0,0,0,0,0,0,0,0,0,0,0,0,0,0,0,0,0,0,0,0,0,0,0,0,0,0,0,0,0,0,0,0,0,0,0,0,0,0,0,0,0,0,0,0,0,0,0,0,0,0,0,0,0,0,0,0,0,0,0,0,0,0,0,0,0,0,0,0,0,0,0,0,0,0,0,0,0,0,0,23,84,157,207,137,35,0,0,0,0,0,0,0,0,0,0,0,0,0,0,0,0,0,0,0,0,0,0,0,0,0,0,0,0,0,0,0,0,0,0,0,0,0,0,0,0,0,0,0,0,0,0,0,0,0,0,0
"146",0,0,0,0,0,0,0,0,0,0,0,0,0,0,0,0,0,0,0,0,0,0,0,0,0,0,0,0,0,0,0,0,0,0,0,0,0,0,0,0,0,0,0,0,0,0,0,0,0,0,0,0,0,0,0,0,0,0,0,0,0,0,0,0,0,0,0,0,0,0,0,24,89,143,160,109,35,3,0,0,0,0,0,0,0,0,0,0,0,0,0,0,0,0,0,0,0,0,0,0,0,0,0,0,0,0,0,0,0,0,0,0,0,0,0,0,0,0,0,0,0,0,0,0,0,0,0,0,0,0,0,0,0,0,0,0,0,0,0,0,0,0,0,0,0,0,0,0,0,0,0,0,0,0,0,0,0,0,0,0,0,15,31,47,80,17,0,0,0,0,0,0,0,0,0,0,0,0,0,0,0,0,0,0,0,0,0,0,0,0,0,0,0,0,0,0,0,0,0,0,0,0,0,0,0,0,0,0,0,0,0,0,0,0,0,0,0,0
"147",0,0,0,0,0,0,0,0,0,0,0,0,0,0,0,0,0,0,0,0,0,0,0,0,0,0,0,0,0,0,0,0,0,0,0,0,0,0,0,0,0,0,0,0,0,0,0,0,0,0,0,0,0,0,0,0,0,0,0,0,0,0,0,0,0,0,0,0,0,0,0,0,9,49,58,17,0,0,0,0,0,0,0,0,0,0,0,0,0,0,0,0,0,0,0,0,0,0,0,0,0,0,0,0,0,0,0,0,0,0,0,0,0,0,0,0,0,0,0,0,0,0,0,0,0,0,0,0,0,0,0,0,0,0,0,0,0,0,0,0,0,0,0,0,0,0,0,0,0,0,0,0,0,0,0,0,0,0,0,0,0,0,0,0,0,0,0,0,0,0,0,0,0,0,0,0,0,0,0,0,0,0,0,0,0,0,0,0,0,0,0,0,0,0,0,0,0,0,0,0,0,0,0,0,0,0,0,0,0,0,0,0,0,0,0,0,0,0
"148",0,0,0,0,0,0,0,0,0,0,0,0,0,0,0,0,0,0,0,0,0,0,0,0,0,0,0,0,0,0,0,0,0,0,0,0,0,0,0,0,0,0,0,0,0,0,0,0,0,0,0,0,0,0,0,0,0,0,0,0,0,0,0,0,0,0,0,0,0,0,0,0,0,0,0,0,0,0,0,0,0,0,0,0,0,0,0,0,0,0,0,0,0,0,0,0,0,0,0,0,0,0,0,0,0,0,0,0,0,0,0,0,0,0,0,0,0,0,0,0,0,0,0,0,0,0,0,0,0,0,0,0,0,0,0,0,0,0,0,0,0,0,0,0,0,0,0,0,0,0,0,0,0,0,0,0,0,0,0,0,0,0,0,0,0,0,0,0,0,0,0,0,0,0,0,0,0,0,0,0,0,0,0,0,0,0,0,0,0,0,0,0,0,0,0,0,0,0,0,0,0,0,0,0,0,0,0,0,0,0,0,0,0,0,0,0,0,0
